Data set, Time, Acc_Raw_X, Acc_Raw_Y, Acc_Raw_Z, Gyr_Raw_X, Gyr_Raw_Y, Gyr_Raw_Z
0, 13541,  -5530, 4336, 14503,  0, 0, 0
1, 13677,  -5590, 4401, 14667,  0, 0, 0
2, 13812,  -5608, 4384, 14672,  0, 0, 0
3, 13948,  -5666, 4376, 14727,  0, 0, 0
4, 14083,  -5693, 4352, 14825,  0, 0, 0
5, 14218,  -5628, 4379, 14833,  -24, -7, 17
6, 14354,  -5624, 4361, 14790,  -23, -10, 21
7, 14489,  -5586, 4338, 14795,  -16, -13, 19
8, 14625,  -5546, 4279, 14770,  -10, -15, 17
9, 14760,  -5502, 4284, 14740,  -10, -15, 14
10, 14896,  -5447, 4299, 14690,  -8, -15, 12
11, 15031,  -5415, 4287, 14644,  -4, -14, 11
12, 15167,  -5352, 4284, 14629,  0, -14, 10
13, 15302,  -5309, 4245, 14627,  4, -8, 9
14, 15438,  -5275, 4249, 14550,  5, -3, 3
15, 15573,  -5287, 4251, 14528,  2, 6, -7
16, 15708,  -5330, 4261, 14529,  -2, 14, -15
17, 15844,  -5346, 4280, 14522,  -7, 21, -21
18, 15979,  -5390, 4307, 14520,  -12, 25, -31
19, 16115,  -5429, 4313, 14590,  -20, 28, -38
20, 16250,  -5496, 4299, 14646,  -25, 24, -42
21, 16385,  -5619, 4336, 14799,  -30, 3, -40
22, 16521,  -5669, 4314, 14859,  -30, -11, -44
23, 16656,  -5669, 4246, 14922,  -23, -27, -44
24, 16792,  -5719, 4241, 15007,  -14, -43, -39
25, 16927,  -5690, 4334, 14995,  -7, -55, -33
26, 17062,  -5666, 4417, 14914,  -2, -60, -22
27, 17198,  -5638, 4386, 14926,  -3, -61, -8
28, 17333,  -5490, 4347, 14905,  3, -63, 0
29, 17468,  -5404, 4295, 14844,  8, -59, 3
30, 17604,  -5389, 4239, 14823,  14, -56, 7
31, 17739,  -5295, 4207, 14726,  21, -53, 6
32, 17875,  -5222, 4224, 14597,  23, -43, 1
33, 18010,  -5236, 4272, 14527,  16, -27, -3
34, 18146,  -5274, 4305, 14501,  11, -16, -7
35, 18281,  -5273, 4302, 14478,  1, -11, -12
36, 18417,  -5272, 4332, 14470,  -7, -10, -17
37, 18552,  -5342, 4304, 14549,  -17, -8, -20
38, 18687,  -5317, 4278, 14497,  -26, -8, -22
39, 18823,  -5419, 4353, 14657,  -34, -5, -18
40, 18958,  -5475, 4393, 14717,  -35, -8, -20
41, 19093,  -5565, 4385, 14797,  -37, -18, -20
42, 19229,  -5589, 4390, 14876,  -34, -25, -21
43, 19364,  -5684, 4362, 14888,  -25, -30, -20
44, 19500,  -5722, 4356, 14891,  -20, -33, -12
45, 19635,  -5711, 4373, 14937,  -10, -37, -5
46, 19770,  -5625, 4411, 14868,  1, -36, 1
47, 19906,  -5562, 4425, 14830,  8, -39, 10
48, 20041,  -5486, 4388, 14785,  16, -34, 15
49, 20177,  -5420, 4372, 14663,  18, -23, 12
50, 20312,  -5411, 4363, 14571,  19, -18, 7
51, 20448,  -5396, 4364, 14486,  22, -15, 2
52, 20583,  -5386, 4408, 14397,  21, -17, -6
53, 20719,  -5395, 4408, 14445,  13, -21, -12
54, 20854,  -5486, 4445, 14478,  7, -26, -20
55, 20989,  -5546, 4435, 14426,  2, -26, -27
56, 21125,  -5604, 4325, 14313,  0, -32, -23
57, 21260,  -5604, 4258, 14347,  -1, -38, -18
58, 21396,  -5628, 4248, 14341,  -4, -37, -12
59, 21531,  -5587, 4262, 14360,  -10, -33, -6
60, 21666,  -5536, 4288, 14449,  -20, -27, -2
61, 21802,  -5495, 4241, 14538,  -26, -25, 4
62, 21937,  -5433, 4228, 14586,  -28, -25, 3
63, 22073,  -5336, 4232, 14693,  -31, -24, -2
64, 22208,  -5298, 4248, 14785,  -27, -18, -8
65, 22343,  -5281, 4203, 14819,  -20, -13, -15
66, 22479,  -5272, 4226, 14886,  -11, -10, -28
67, 22614,  -5307, 4234, 14926,  -3, -11, -38
68, 22750,  -5397, 4278, 14907,  7, -15, -43
69, 22885,  -5486, 4261, 14862,  18, -23, -49
70, 23020,  -5556, 4291, 14806,  31, -29, -52
71, 23156,  -5602, 4270, 14799,  40, -39, -52
72, 23291,  -5630, 4325, 14703,  47, -48, -51
73, 23427,  -5601, 4330, 14522,  46, -63, -40
74, 23562,  -5595, 4319, 14511,  41, -65, -32
75, 23697,  -5558, 4319, 14486,  31, -71, -28
76, 23833,  -5545, 4310, 14530,  22, -79, -22
77, 23968,  -5458, 4271, 14633,  14, -79, -20
78, 24103,  -5334, 4222, 14694,  9, -72, -19
79, 24239,  -5288, 4219, 14690,  8, -64, -16
80, 24374,  -5211, 4235, 14733,  11, -52, -14
81, 24510,  -5170, 4264, 14753,  13, -43, -12
82, 24645,  -5170, 4236, 14777,  15, -31, -13
83, 24780,  -5195, 4219, 14781,  17, -21, -17
84, 24916,  -5219, 4248, 14774,  17, -7, -25
85, 25051,  -5237, 4273, 14784,  13, 3, -31
86, 25187,  -5318, 4277, 14770,  11, 11, -32
87, 25322,  -5425, 4283, 14814,  9, 19, -34
88, 25457,  -5451, 4255, 14772,  6, 20, -30
89, 25593,  -5435, 4300, 14750,  1, 14, -28
90, 25728,  -5545, 4323, 14754,  -6, -7, -18
91, 25864,  -5525, 4277, 14794,  -12, -16, -14
92, 25999,  -5499, 4275, 14777,  -12, -25, -10
93, 26134,  -5492, 4244, 14791,  -11, -39, -3
94, 26270,  -5441, 4230, 14839,  -8, -50, 5
95, 26405,  -5394, 4268, 14835,  -5, -52, 9
96, 26541,  -5338, 4278, 14759,  -4, -52, 13
97, 26676,  -5326, 4290, 14761,  -3, -51, 15
98, 26812,  -5245, 4263, 14750,  -6, -43, 18
99, 26947,  -5161, 4327, 14797,  -10, -37, 19
100, 27083,  -5114, 4293, 14777,  -11, -21, 20
101, 27218,  -5045, 4299, 14727,  -15, -7, 15
102, 27353,  -5038, 4386, 14706,  -19, 6, 11
103, 27489,  -5055, 4421, 14723,  -20, 10, 2
104, 27624,  -5129, 4451, 14739,  -25, 9, -4
105, 27760,  -5263, 4459, 14870,  -30, 9, -9
106, 27895,  -5339, 4516, 14919,  -34, 7, -16
107, 28031,  -5482, 4524, 14908,  -31, 0, -15
108, 28166,  -5544, 4539, 14889,  -27, -16, -7
109, 28301,  -5539, 4570, 14861,  -23, -26, 2
110, 28437,  -5494, 4585, 14811,  -20, -33, 15
111, 28572,  -5435, 4530, 14894,  -19, -35, 25
112, 28708,  -5394, 4400, 14897,  -9, -43, 36
113, 28843,  -5289, 4361, 14807,  3, -50, 38
114, 28979,  -5157, 4436, 14653,  9, -46, 37
115, 29114,  -5070, 4484, 14561,  11, -34, 41
116, 29250,  -4939, 4522, 14466,  6, -22, 43
117, 29385,  -4919, 4556, 14475,  -2, -8, 46
118, 29521,  -4914, 4546, 14388,  -8, 0, 43
119, 29656,  -4954, 4580, 14433,  -22, 4, 38
120, 29792,  -5041, 4462, 14693,  -44, 8, 30
121, 29927,  -5120, 4414, 14859,  -51, 4, 21
122, 30062,  -5177, 4392, 14800,  -46, 0, 12
123, 30198,  -5320, 4333, 14837,  -44, 9, 11
124, 30333,  -5443, 4252, 14908,  -42, 14, 16
125, 30469,  -5341, 4178, 14911,  -21, 9, 28
126, 30604,  -5232, 4223, 14806,  -12, 14, 34
127, 30740,  -5198, 4170, 14803,  -13, 15, 37
128, 30875,  -5145, 4140, 14788,  -12, 7, 30
129, 31011,  -5130, 4176, 14742,  -9, 0, 22
130, 31146,  -5224, 4141, 14805,  -15, 2, 11
131, 31282,  -5327, 4130, 14788,  -19, 2, 2
132, 31417,  -5406, 4059, 14742,  -17, 1, -3
133, 31553,  -5443, 4061, 14692,  -12, -8, -1
134, 31688,  -5489, 4127, 14692,  -11, -21, 11
135, 31823,  -5446, 4129, 14762,  -11, -32, 22
136, 31959,  -5468, 4091, 14787,  -12, -39, 32
137, 32094,  -5491, 4102, 14758,  -10, -50, 38
138, 32230,  -5440, 4162, 14811,  -10, -57, 39
139, 32365,  -5370, 4175, 14891,  -11, -56, 40
140, 32501,  -5278, 4153, 14848,  -8, -51, 42
141, 32636,  -5182, 4159, 14771,  -2, -48, 48
142, 32772,  -5062, 4167, 14718,  9, -41, 57
143, 32907,  -5083, 4175, 14780,  8, -33, 55
144, 33043,  -5108, 4173, 14734,  4, -23, 50
145, 33178,  -5155, 4209, 14679,  1, -11, 40
146, 33314,  -5187, 4243, 14689,  -4, 0, 31
147, 33449,  -5191, 4228, 14662,  -8, 11, 22
148, 33584,  -5245, 4210, 14646,  -12, 17, 17
149, 33720,  -5268, 4191, 14637,  -16, 22, 14
150, 33855,  -5294, 4213, 14667,  -19, 29, 14
151, 33991,  -5365, 4207, 14696,  -24, 34, 11
152, 34126,  -5451, 4202, 14693,  -26, 36, 5
153, 34262,  -5531, 4180, 14710,  -23, 32, 4
154, 34397,  -5535, 4212, 14717,  -23, 30, 7
155, 34533,  -5578, 4161, 14710,  -22, 26, 10
156, 34668,  -5582, 4135, 14672,  -19, 25, 15
157, 34804,  -5521, 4146, 14665,  -16, 20, 21
158, 34939,  -5455, 4125, 14695,  -16, 10, 26
159, 35075,  -5351, 4091, 14673,  -15, 0, 26
160, 35210,  -5275, 4129, 14629,  -15, -1, 24
161, 35346,  -5327, 4123, 14639,  -18, -1, 17
162, 35481,  -5403, 4153, 14687,  -20, -1, 9
163, 35617,  -5363, 4191, 14736,  -22, -4, 4
164, 35752,  -5410, 4202, 14797,  -25, -3, -3
165, 35887,  -5462, 4251, 14882,  -25, -6, -4
166, 36023,  -5477, 4239, 14929,  -20, -13, -1
167, 36158,  -5443, 4268, 14916,  -10, -18, -1
168, 36294,  -5455, 4215, 14842,  -1, -17, 4
169, 36429,  -5511, 4197, 14796,  6, -14, 7
170, 36564,  -5486, 4191, 14721,  8, -8, 10
171, 36700,  -5440, 4215, 14675,  4, -2, 13
172, 36835,  -5426, 4222, 14689,  2, 0, 18
173, 36971,  -5404, 4235, 14695,  -4, 4, 19
174, 37106,  -5380, 4260, 14659,  -10, 12, 16
175, 37242,  -5362, 4265, 14712,  -16, 14, 14
176, 37377,  -5347, 4248, 14799,  -20, 12, 9
177, 37513,  -5279, 4216, 14812,  -19, 15, 8
178, 37648,  -5297, 4203, 14863,  -15, 18, 6
179, 37784,  -5273, 4198, 14810,  -6, 16, 7
180, 37919,  -5238, 4191, 14714,  0, 14, 8
181, 38055,  -5222, 4218, 14705,  6, 7, 7
182, 38190,  -5253, 4193, 14714,  8, -2, 0
183, 38325,  -5240, 4215, 14626,  10, -3, -6
184, 38461,  -5289, 4219, 14589,  12, -3, -9
185, 38596,  -5344, 4222, 14623,  3, -3, -10
186, 38732,  -5362, 4207, 14651,  -3, 0, -11
187, 38867,  -5322, 4214, 14752,  -8, -1, -9
188, 39002,  -5274, 4224, 14849,  -12, 4, -5
189, 39138,  -5207, 4201, 14862,  -11, 11, -3
190, 39273,  -5167, 4218, 14939,  -9, 14, -5
191, 39409,  -5108, 4204, 14969,  -4, 15, -9
192, 39544,  -5130, 4247, 15017,  3, 11, -18
193, 39679,  -5230, 4191, 15007,  13, 2, -25
194, 39815,  -5360, 4227, 14819,  31, -9, -22
195, 39950,  -5379, 4221, 14751,  35, -14, -18
196, 40086,  -5334, 4178, 14680,  34, -20, -10
197, 40221,  -5321, 4177, 14637,  31, -23, -7
198, 40356,  -5279, 4131, 14573,  29, -24, -2
199, 40492,  -5240, 4066, 14541,  22, -23, 2
200, 40627,  -5169, 4072, 14543,  15, -27, 6
201, 40763,  -5093, 4035, 14588,  5, -22, 8
202, 40898,  -4996, 3998, 14617,  2, -15, 5
203, 41034,  -4963, 4004, 14679,  -2, -6, 5
204, 41169,  -4974, 3999, 14706,  -6, 3, 2
205, 41305,  -4900, 3985, 14732,  -10, 9, -4
206, 41440,  -4962, 4003, 14771,  -11, 17, -13
207, 41575,  -5058, 4053, 14848,  -12, 25, -20
208, 41711,  -5077, 4058, 14929,  -10, 31, -27
209, 41846,  -5198, 4083, 14942,  -8, 33, -32
210, 41981,  -5272, 4102, 14914,  -9, 33, -34
211, 42117,  -5464, 4190, 14931,  -10, 25, -35
212, 42252,  -5525, 4235, 14943,  -10, 9, -31
213, 42388,  -5539, 4283, 14938,  -8, -2, -29
214, 42523,  -5587, 4312, 14919,  -6, -12, -22
215, 42658,  -5618, 4274, 14925,  -4, -25, -11
216, 42794,  -5598, 4290, 14926,  -2, -33, -2
217, 42929,  -5567, 4308, 14855,  -2, -32, 7
218, 43065,  -5508, 4290, 14811,  -7, -26, 18
219, 43200,  -5385, 4311, 14740,  -6, -19, 27
220, 43336,  -5305, 4356, 14716,  -9, -10, 34
221, 43471,  -5171, 4353, 14694,  -20, -1, 38
222, 43607,  -5160, 4357, 14720,  -28, 12, 34
223, 43742,  -5151, 4358, 14701,  -38, 25, 26
224, 43877,  -5188, 4313, 14739,  -45, 30, 16
225, 44013,  -5213, 4315, 14803,  -47, 33, 5
226, 44148,  -5313, 4300, 14872,  -46, 34, 1
227, 44284,  -5378, 4251, 14918,  -42, 35, 4
228, 44419,  -5420, 4198, 14935,  -35, 31, 3
229, 44555,  -5448, 4221, 14876,  -31, 22, -1
230, 44690,  -5487, 4229, 14796,  -29, 12, -5
231, 44826,  -5466, 4220, 14892,  -23, 1, -5
232, 44961,  -5438, 4245, 14869,  -17, -13, -2
233, 45096,  -5386, 4196, 14811,  -13, -27, -1
234, 45232,  -5409, 4202, 14861,  -8, -38, 1
235, 45367,  -5354, 4227, 14778,  -4, -42, 2
236, 45503,  -5276, 4229, 14622,  0, -45, -2
237, 45638,  -5199, 4233, 14600,  6, -44, 0
238, 45773,  -5170, 4214, 14639,  5, -48, 0
239, 45909,  -5163, 4218, 14694,  2, -51, -5
240, 46044,  -5169, 4208, 14695,  -1, -49, -7
241, 46180,  -5190, 4199, 14683,  0, -45, -10
242, 46315,  -5136, 4241, 14680,  -3, -40, -12
243, 46450,  -5025, 4266, 14733,  -4, -35, -12
244, 46586,  -5017, 4245, 14803,  -2, -28, -12
245, 46721,  -5152, 4276, 14852,  3, -12, -15
246, 46857,  -5160, 4317, 14862,  5, -8, -17
247, 46992,  -5177, 4304, 14842,  8, -6, -20
248, 47127,  -5264, 4323, 14847,  10, 0, -20
249, 47263,  -5305, 4317, 14839,  11, 5, -20
250, 47398,  -5310, 4307, 14878,  12, 10, -18
251, 47534,  -5372, 4312, 14881,  12, 14, -14
252, 47669,  -5410, 4367, 14826,  14, 12, -10
253, 47804,  -5399, 4412, 14793,  13, 11, -8
254, 47940,  -5424, 4411, 14770,  9, 7, -3
255, 48075,  -5435, 4411, 14745,  5, -3, -3
256, 48210,  -5491, 4391, 14754,  -8, -11, -6
257, 48346,  -5521, 4303, 14843,  -15, -21, -7
258, 48481,  -5544, 4231, 14911,  -16, -32, -7
259, 48617,  -5475, 4239, 14955,  -9, -47, -6
260, 48752,  -5435, 4263, 14881,  1, -56, 3
261, 48888,  -5397, 4285, 14767,  6, -59, 14
262, 49023,  -5368, 4314, 14718,  4, -59, 21
263, 49158,  -5242, 4303, 14747,  7, -52, 28
264, 49294,  -5222, 4310, 14709,  1, -37, 27
265, 49429,  -5118, 4307, 14606,  -4, -26, 27
266, 49565,  -5074, 4264, 14623,  -9, -19, 27
267, 49700,  -5050, 4237, 14649,  -12, -12, 26
268, 49836,  -5029, 4215, 14639,  -15, -2, 24
269, 49971,  -5067, 4170, 14707,  -18, 9, 19
270, 50107,  -5098, 4158, 14676,  -18, 23, 11
271, 50242,  -5107, 4180, 14714,  -18, 33, 6
272, 50378,  -5150, 4155, 14674,  -17, 39, 5
273, 50513,  -5216, 4170, 14677,  -16, 42, 0
274, 50648,  -5278, 4129, 14691,  -22, 43, -2
275, 50784,  -5336, 4148, 14743,  -28, 41, -6
276, 50919,  -5430, 4161, 14804,  -30, 38, -14
277, 51055,  -5530, 4120, 14882,  -30, 27, -19
278, 51190,  -5560, 4095, 14883,  -25, 15, -17
279, 51325,  -5533, 4045, 14891,  -19, 2, -15
280, 51461,  -5415, 4020, 14875,  2, -22, 3
281, 51596,  -5386, 3973, 14791,  14, -32, 7
282, 51732,  -5315, 4020, 14729,  20, -38, 5
283, 51867,  -5283, 3994, 14671,  25, -39, 9
284, 52003,  -5246, 4045, 14555,  28, -42, 10
285, 52138,  -5246, 4006, 14553,  22, -41, 13
286, 52274,  -5178, 3946, 14570,  12, -32, 14
287, 52409,  -5100, 3898, 14560,  4, -23, 14
288, 52545,  -5043, 3950, 14529,  -4, -12, 13
289, 52680,  -4938, 3944, 14625,  -15, 4, 5
290, 52815,  -4952, 3917, 14769,  -24, 17, -6
291, 52951,  -5028, 3944, 14823,  -31, 29, -17
292, 53086,  -5079, 4002, 14910,  -31, 37, -32
293, 53222,  -5146, 4026, 14985,  -30, 41, -42
294, 53357,  -5220, 4071, 15049,  -24, 43, -46
295, 53492,  -5328, 4069, 15031,  -12, 39, -45
296, 53628,  -5376, 4079, 14976,  -3, 30, -45
297, 53763,  -5491, 4070, 14834,  10, 15, -42
298, 53899,  -5514, 4087, 14776,  12, 7, -41
299, 54034,  -5529, 4128, 14715,  12, -4, -33
300, 54169,  -5514, 4153, 14624,  13, -11, -27
301, 54305,  -5472, 4189, 14534,  8, -21, -19
302, 54440,  -5469, 4187, 14487,  2, -27, -8
303, 54576,  -5376, 4209, 14431,  -7, -25, -3
304, 54711,  -5328, 4193, 14375,  -16, -17, 4
305, 54846,  -5241, 4215, 14314,  -26, -7, 14
306, 54982,  -5119, 4191, 14333,  -36, 3, 19
307, 55117,  -5095, 4156, 14342,  -45, 24, 20
308, 55253,  -5094, 4196, 14425,  -55, 42, 19
309, 55388,  -5074, 4211, 14518,  -63, 61, 17
310, 55524,  -5087, 4204, 14640,  -69, 79, 10
311, 55659,  -5094, 4171, 14846,  -73, 89, 4
312, 55795,  -5095, 4114, 15062,  -70, 91, 3
313, 55930,  -5148, 4065, 15178,  -61, 88, -3
314, 56066,  -5310, 4011, 15247,  -25, 83, -25
315, 56201,  -5445, 4023, 15197,  -12, 83, -34
316, 56336,  -5479, 4060, 15095,  -3, 78, -36
317, 56472,  -5562, 4108, 14988,  2, 64, -34
318, 56607,  -5576, 4152, 14984,  7, 50, -37
319, 56743,  -5600, 4104, 14930,  10, 36, -43
320, 56878,  -5625, 4137, 14881,  15, 19, -46
321, 57013,  -5630, 4131, 14830,  19, 2, -48
322, 57149,  -5639, 4107, 14842,  21, -13, -42
323, 57284,  -5588, 4099, 14757,  24, -27, -33
324, 57419,  -5436, 4122, 14719,  23, -38, -27
325, 57555,  -5333, 4172, 14673,  22, -39, -22
326, 57690,  -5233, 4215, 14658,  21, -40, -22
327, 57826,  -5195, 4205, 14724,  15, -39, -25
328, 57961,  -5181, 4207, 14721,  10, -42, -31
329, 58096,  -5197, 4205, 14827,  6, -40, -39
330, 58232,  -5289, 4196, 14936,  0, -31, -51
331, 58367,  -5344, 4238, 14970,  0, -22, -57
332, 58503,  -5364, 4297, 15051,  7, -10, -51
333, 58638,  -5326, 4346, 14989,  11, -8, -43
334, 58773,  -5335, 4347, 14948,  14, -9, -41
335, 58909,  -5336, 4310, 14918,  15, -11, -45
336, 59044,  -5340, 4315, 14884,  15, -18, -49
337, 59180,  -5417, 4259, 14878,  11, -20, -55
338, 59315,  -5409, 4258, 14886,  8, -21, -56
339, 59450,  -5388, 4248, 14865,  5, -26, -52
340, 59586,  -5376, 4262, 14857,  3, -26, -43
341, 59721,  -5353, 4223, 14886,  4, -29, -35
342, 59856,  -5331, 4229, 14886,  4, -36, -30
343, 59992,  -5294, 4166, 14848,  4, -38, -28
344, 60127,  -5235, 4147, 14763,  7, -36, -25
345, 60263,  -5197, 4170, 14704,  9, -32, -19
346, 60398,  -5118, 4095, 14690,  9, -29, -13
347, 60533,  -5014, 4072, 14743,  2, -25, -10
348, 60669,  -5030, 4069, 14764,  -3, -17, -11
349, 60804,  -5039, 4160, 14784,  -12, -2, -12
350, 60940,  -5014, 4174, 14902,  -9, -3, -13
351, 61075,  -4981, 4157, 14871,  -7, -1, -11
352, 61210,  -5037, 4122, 14885,  -6, -3, -12
353, 61346,  -5082, 4152, 14831,  -1, 2, -15
354, 61481,  -5159, 4216, 14759,  4, 4, -17
355, 61617,  -5193, 4235, 14717,  2, 8, -14
356, 61752,  -5218, 4233, 14725,  2, 5, -8
357, 61887,  -5300, 4203, 14798,  -4, 0, -2
358, 62023,  -5305, 4207, 14839,  -11, -5, 1
359, 62158,  -5295, 4195, 14878,  -14, -7, 3
360, 62294,  -5288, 4258, 14899,  -13, -7, 7
361, 62429,  -5209, 4280, 14881,  -10, -11, 7
362, 62565,  -5182, 4264, 14816,  -6, -15, 10
363, 62700,  -5179, 4219, 14815,  -1, -16, 14
364, 62836,  -5169, 4235, 14766,  6, -14, 17
365, 62971,  -5171, 4267, 14781,  4, -14, 11
366, 63106,  -5223, 4192, 14818,  -7, -6, 5
367, 63242,  -5233, 4182, 14796,  -12, -2, 3
368, 63377,  -5252, 4188, 14812,  -13, 0, 4
369, 63513,  -5221, 4197, 14847,  -8, -2, 3
370, 63648,  -5255, 4183, 14859,  -3, -4, 6
371, 63784,  -5277, 4184, 14811,  2, -8, 5
372, 63919,  -5318, 4180, 14757,  4, -12, 4
373, 64055,  -5404, 4171, 14756,  4, -16, 2
374, 64190,  -5415, 4197, 14779,  3, -20, -1
375, 64326,  -5399, 4184, 14759,  3, -26, 0
376, 64461,  -5412, 4138, 14841,  3, -29, 0
377, 64596,  -5403, 4133, 14807,  6, -35, 3
378, 64732,  -5395, 4144, 14743,  11, -35, 7
379, 64867,  -5325, 4099, 14744,  15, -33, 7
380, 65003,  -5311, 4098, 14730,  18, -29, 4
381, 65138,  -5269, 4108, 14665,  21, -27, 0
382, 65274,  -5264, 4087, 14589,  24, -24, -1
383, 65409,  -5274, 4149, 14562,  14, -21, -2
384, 8,  -5331, 4111, 14590,  7, -20, -5
385, 144,  -5340, 4081, 14670,  -2, -16, -8
386, 279,  -5398, 4123, 14694,  -7, -14, -10
387, 415,  -5361, 4130, 14735,  -6, -15, -7
388, 550,  -5316, 4072, 14789,  -7, -16, 0
389, 685,  -5253, 4089, 14797,  -8, -16, 8
390, 821,  -5256, 4107, 14864,  -11, -10, 7
391, 956,  -5239, 4118, 14891,  -9, -5, 9
392, 1092,  -5212, 4124, 14876,  -7, 1, 9
393, 1227,  -5219, 4072, 14861,  -4, 6, 7
394, 1363,  -5234, 4032, 14841,  -2, 11, 7
395, 1498,  -5233, 4026, 14795,  1, 20, 6
396, 1634,  -5270, 4013, 14774,  1, 28, 8
397, 1769,  -5272, 4001, 14762,  -1, 32, 10
398, 1905,  -5260, 3976, 14750,  0, 32, 14
399, 2040,  -5282, 4014, 14789,  -2, 36, 14
400, 2176,  -5297, 3996, 14741,  -11, 36, 9
401, 2311,  -5356, 4022, 14759,  -13, 37, 3
402, 2447,  -5402, 4022, 14833,  -17, 40, -3
403, 2582,  -5425, 4027, 14859,  -18, 38, -6
404, 2717,  -5450, 4041, 14925,  -21, 30, -9
405, 2853,  -5501, 4080, 14925,  -19, 20, -14
406, 2988,  -5526, 4043, 14907,  -13, 3, -15
407, 3124,  -5573, 4064, 14957,  -10, -12, -19
408, 3259,  -5621, 4066, 14950,  -5, -27, -19
409, 3394,  -5577, 4034, 14889,  4, -41, -19
410, 3530,  -5557, 4021, 14879,  9, -48, -16
411, 3665,  -5424, 4048, 14759,  17, -50, -7
412, 3800,  -5321, 4057, 14676,  19, -49, -1
413, 3936,  -5214, 4017, 14619,  16, -43, 2
414, 4071,  -5102, 4048, 14604,  10, -32, 1
415, 4207,  -5034, 3985, 14586,  2, -17, -4
416, 4342,  -5046, 3990, 14637,  -10, -4, -15
417, 4478,  -5054, 3952, 14662,  -19, 13, -27
418, 4613,  -5227, 4058, 14775,  -26, 31, -40
419, 4748,  -5312, 4004, 14898,  -22, 33, -40
420, 4884,  -5396, 4004, 14946,  -17, 34, -38
421, 5019,  -5483, 4039, 14987,  -7, 28, -35
422, 5155,  -5544, 4024, 14992,  1, 20, -31
423, 5290,  -5617, 4022, 14945,  7, 15, -24
424, 5425,  -5563, 4091, 14889,  12, 10, -17
425, 5561,  -5500, 4100, 14899,  13, 3, -8
426, 5696,  -5457, 4064, 14876,  14, -4, 0
427, 5831,  -5409, 4073, 14850,  11, -10, 2
428, 5967,  -5352, 4069, 14821,  7, -14, 1
429, 6102,  -5292, 4072, 14841,  4, -16, 1
430, 6238,  -5246, 4058, 14840,  5, -19, 0
431, 6373,  -5267, 4025, 14815,  7, -19, -1
432, 6509,  -5234, 4042, 14798,  8, -19, 0
433, 6644,  -5208, 4013, 14783,  8, -12, 2
434, 6780,  -5204, 4007, 14746,  2, 0, 3
435, 6915,  -5182, 4053, 14677,  -11, 24, 1
436, 7050,  -5223, 4115, 14679,  -19, 35, -1
437, 7186,  -5243, 4105, 14703,  -26, 43, -4
438, 7321,  -5270, 4130, 14647,  -31, 45, -5
439, 7457,  -5310, 4135, 14613,  -30, 45, -2
440, 7592,  -5396, 4144, 14605,  -35, 44, 5
441, 7728,  -5429, 4179, 14643,  -40, 34, 10
442, 7863,  -5466, 4150, 14671,  -43, 23, 16
443, 7998,  -5449, 4073, 14780,  -46, 17, 16
444, 8134,  -5442, 3966, 14768,  -44, 11, 19
445, 8269,  -5335, 3927, 14919,  -38, 5, 27
446, 8405,  -5212, 3868, 14968,  -35, 3, 36
447, 8540,  -5132, 3658, 15113,  -26, 5, 38
448, 8676,  -5028, 3700, 15112,  -14, 11, 29
449, 8811,  -5043, 3703, 15079,  -5, 17, 18
450, 8947,  -5025, 3786, 14939,  4, 24, 0
451, 9082,  -5049, 3850, 14784,  4, 38, -18
452, 9218,  -5279, 3895, 14793,  -6, 53, -32
453, 9353,  -5314, 3886, 14845,  -10, 53, -32
454, 9488,  -5462, 3775, 14938,  -10, 48, -31
455, 9624,  -5547, 3710, 14991,  -5, 32, -32
456, 9759,  -5604, 3738, 15013,  0, 14, -29
457, 9895,  -5652, 3744, 15069,  5, -5, -24
458, 10030,  -5649, 3752, 15052,  12, -19, -21
459, 10165,  -5643, 3775, 14975,  21, -28, -17
460, 10301,  -5556, 3830, 14903,  23, -36, -16
461, 10436,  -5490, 3911, 14881,  25, -42, -12
462, 10572,  -5433, 3916, 14882,  25, -42, -11
463, 10707,  -5434, 3887, 14910,  20, -44, -13
464, 10842,  -5440, 3895, 14966,  16, -42, -17
465, 10978,  -5407, 3868, 15035,  11, -39, -25
466, 11113,  -5381, 3852, 15070,  9, -27, -32
467, 11248,  -5361, 3856, 15090,  8, -15, -36
468, 11384,  -5385, 3919, 15157,  13, -6, -39
469, 11519,  -5418, 3970, 15165,  15, 5, -42
470, 11655,  -5637, 4014, 15241,  19, 14, -51
471, 11790,  -5713, 4036, 15343,  21, 16, -57
472, 11925,  -5815, 4113, 15444,  22, 18, -64
473, 12061,  -5858, 4179, 15569,  25, 21, -65
474, 12196,  -5901, 4278, 15547,  31, 21, -63
475, 12332,  -5846, 4422, 15410,  41, 17, -55
476, 12467,  -5823, 4501, 15341,  44, 8, -41
477, 12602,  -5791, 4518, 15356,  43, -2, -38
478, 12738,  -5792, 4462, 15310,  46, -10, -42
479, 12873,  -5793, 4406, 15248,  50, -23, -51
480, 13009,  -5777, 4406, 15089,  55, -39, -64
481, 13144,  -5817, 4429, 14998,  53, -56, -69
482, 13279,  -5756, 4411, 14834,  49, -69, -68
483, 13415,  -5722, 4383, 14672,  48, -79, -56
484, 13550,  -5661, 4319, 14552,  45, -87, -47
485, 13686,  -5575, 4192, 14448,  45, -98, -34
486, 13821,  -5464, 4050, 14414,  45, -108, -24
487, 13956,  -5141, 3831, 14286,  33, -97, -24
488, 14092,  -4953, 3819, 14147,  31, -84, -32
489, 14227,  -4800, 3790, 14045,  21, -59, -38
490, 14363,  -4770, 3727, 14031,  8, -40, -42
491, 14498,  -4827, 3690, 14018,  -6, -25, -42
492, 14633,  -4905, 3650, 14068,  -12, -3, -46
493, 14769,  -4919, 3655, 14105,  -13, 9, -50
494, 14904,  -5050, 3665, 14177,  -17, 11, -60
495, 15039,  -5211, 3695, 14280,  -26, 15, -75
496, 15175,  -5358, 3710, 14366,  -31, 16, -85
497, 15310,  -5531, 3689, 14413,  -36, 16, -90
498, 15446,  -5726, 3684, 14396,  -40, 13, -87
499, 15581,  -5836, 3718, 14489,  -38, 3, -78
500, 15716,  -5770, 3783, 14361,  -37, -8, -62
501, 15852,  -5813, 3675, 14398,  -38, -12, -40
502, 15987,  -5781, 3675, 14496,  -32, -32, -25
503, 16123,  -5713, 3787, 14402,  -26, -52, -16
504, 16258,  -5751, 3922, 14287,  -31, -64, -9
505, 16393,  -5729, 4073, 14199,  -38, -61, 3
506, 16529,  -5745, 4063, 14151,  -53, -48, 16
507, 16664,  -5706, 3956, 14356,  -67, -37, 24
508, 16800,  -5696, 3969, 14422,  -72, -29, 29
509, 16935,  -5740, 3979, 14446,  -79, -18, 36
510, 17071,  -5745, 4077, 14406,  -85, -10, 39
511, 17206,  -5764, 4148, 14371,  -97, -6, 45
512, 17342,  -5825, 4152, 14497,  -115, 9, 46
513, 17477,  -5884, 4177, 14662,  -130, 29, 46
514, 17613,  -5924, 4169, 14704,  -135, 46, 45
515, 17748,  -5949, 4196, 14779,  -137, 60, 48
516, 17884,  -6068, 4174, 14868,  -136, 63, 57
517, 18019,  -6148, 4195, 14939,  -134, 60, 68
518, 18155,  -6232, 4303, 14922,  -139, 60, 72
519, 18290,  -6263, 4293, 15000,  -142, 59, 75
520, 18425,  -6274, 4346, 15039,  -141, 56, 82
521, 18561,  -6252, 4289, 15039,  -133, 45, 96
522, 18696,  -6231, 4279, 14935,  -130, 26, 108
523, 18832,  -6149, 4232, 14904,  -130, 9, 118
524, 18967,  -6122, 4183, 14876,  -124, -3, 128
525, 19103,  -6103, 4177, 14762,  -122, -12, 134
526, 19238,  -6099, 4172, 14719,  -126, -17, 141
527, 19374,  -6157, 3966, 14804,  -127, -25, 155
528, 19509,  -6049, 3921, 14768,  -118, -32, 163
529, 19645,  -5899, 3834, 14672,  -118, -32, 171
530, 19780,  -5800, 3790, 14669,  -122, -17, 179
531, 19916,  -5736, 3748, 14658,  -121, -2, 185
532, 20051,  -5588, 3742, 14587,  -122, 13, 187
533, 20187,  -5508, 3713, 14598,  -123, 38, 185
534, 20322,  -5483, 3708, 14627,  -123, 60, 188
535, 20458,  -5411, 3694, 14656,  -121, 76, 186
536, 20593,  -5316, 3603, 14692,  -117, 92, 188
537, 20728,  -5341, 3593, 14687,  -113, 108, 184
538, 20864,  -5314, 3582, 14577,  -113, 142, 176
539, 20999,  -5372, 3608, 14500,  -115, 151, 176
540, 21135,  -5423, 3593, 14466,  -118, 154, 170
541, 21270,  -5523, 3586, 14566,  -125, 151, 161
542, 21406,  -5671, 3590, 14633,  -134, 144, 155
543, 21541,  -5759, 3526, 14754,  -142, 137, 155
544, 21677,  -5779, 3522, 14845,  -148, 126, 155
545, 21812,  -5776, 3507, 14931,  -155, 121, 160
546, 21948,  -5658, 3531, 14990,  -153, 119, 166
547, 22083,  -5556, 3494, 14981,  -146, 110, 178
548, 22219,  -5522, 3373, 14987,  -137, 99, 184
549, 22354,  -5509, 3331, 15020,  -128, 84, 181
550, 22489,  -5515, 3247, 14949,  -118, 69, 180
551, 22625,  -5479, 3190, 14919,  -111, 60, 178
552, 22760,  -5444, 3157, 14897,  -115, 55, 178
553, 22896,  -5435, 3158, 14831,  -117, 57, 179
554, 23031,  -5389, 3130, 14814,  -117, 60, 181
555, 23167,  -5324, 3096, 14876,  -121, 65, 187
556, 23302,  -5320, 3020, 15001,  -128, 73, 189
557, 23438,  -5269, 2970, 15072,  -126, 70, 189
558, 23573,  -5250, 2993, 15048,  -116, 69, 186
559, 23709,  -5325, 3001, 15051,  -104, 63, 190
560, 23844,  -5284, 2990, 15036,  -94, 58, 193
561, 23980,  -5342, 2969, 14964,  -83, 54, 203
562, 24115,  -5366, 2995, 14970,  -78, 58, 207
563, 24250,  -5406, 3004, 14951,  -75, 67, 209
564, 24386,  -5416, 3019, 14902,  -73, 76, 216
565, 24521,  -5382, 3081, 14838,  -72, 85, 223
566, 24657,  -5393, 3036, 14794,  -71, 87, 228
567, 24792,  -5420, 3027, 14745,  -71, 94, 231
568, 24928,  -5416, 3033, 14660,  -72, 108, 233
569, 25063,  -5414, 3012, 14515,  -72, 115, 236
570, 25199,  -5463, 2961, 14447,  -78, 118, 237
571, 25334,  -5566, 2941, 14429,  -86, 118, 234
572, 25470,  -5598, 2931, 14384,  -93, 117, 234
573, 25605,  -5680, 2854, 14424,  -112, 97, 237
574, 25741,  -5759, 2787, 14412,  -119, 87, 242
575, 25876,  -5749, 2732, 14482,  -123, 72, 251
576, 26012,  -5765, 2756, 14553,  -124, 61, 263
577, 26147,  -5730, 2783, 14571,  -125, 49, 273
578, 26282,  -5763, 2737, 14646,  -120, 45, 279
579, 26418,  -5704, 2680, 14627,  -118, 46, 283
580, 26553,  -5715, 2716, 14625,  -115, 52, 288
581, 26689,  -5745, 2743, 14692,  -114, 65, 287
582, 26824,  -5758, 2746, 14690,  -116, 81, 289
583, 26960,  -5825, 2764, 14669,  -122, 96, 292
584, 27095,  -5929, 2835, 14698,  -124, 106, 292
585, 27231,  -6065, 2848, 14711,  -127, 115, 295
586, 27366,  -6233, 2928, 14820,  -131, 118, 291
587, 27502,  -6390, 2984, 14915,  -133, 112, 292
588, 27637,  -6565, 2973, 15037,  -129, 100, 303
589, 27773,  -6684, 3027, 15093,  -124, 92, 311
590, 27908,  -6810, 3076, 15121,  -110, 72, 346
591, 28044,  -6770, 3118, 14991,  -103, 60, 365
592, 28179,  -6746, 3173, 14877,  -93, 49, 383
593, 28314,  -6672, 3183, 14777,  -81, 35, 398
594, 28450,  -6597, 3139, 14668,  -76, 29, 409
595, 28585,  -6536, 3137, 14546,  -77, 22, 415
596, 28721,  -6497, 3152, 14506,  -82, 20, 422
597, 28856,  -6375, 3171, 14473,  -90, 18, 428
598, 28992,  -6328, 3154, 14521,  -102, 22, 431
599, 29127,  -6325, 3111, 14577,  -111, 26, 425
600, 29263,  -6303, 3116, 14633,  -119, 37, 416
601, 29398,  -6337, 3107, 14581,  -125, 48, 409
602, 29534,  -6310, 3130, 14576,  -123, 59, 404
603, 29669,  -6309, 3164, 14528,  -119, 67, 402
604, 29804,  -6347, 3186, 14476,  -116, 70, 408
605, 29940,  -6385, 3177, 14429,  -114, 67, 416
606, 30075,  -6418, 3183, 14363,  -115, 58, 420
607, 30211,  -6459, 3146, 14206,  -124, 44, 426
608, 30346,  -6426, 3096, 14228,  -129, 37, 428
609, 30482,  -6329, 3092, 14216,  -134, 32, 433
610, 30617,  -6287, 3025, 14247,  -140, 31, 442
611, 30753,  -6208, 3026, 14290,  -140, 31, 447
612, 30888,  -6069, 3209, 14134,  -137, 36, 453
613, 31024,  -6099, 3173, 14064,  -141, 59, 460
614, 31159,  -6101, 3138, 14039,  -136, 65, 466
615, 31294,  -6159, 3143, 13926,  -130, 58, 471
616, 31430,  -6178, 3101, 13917,  -131, 46, 474
617, 31565,  -6188, 3102, 13829,  -134, 41, 481
618, 31701,  -6265, 3087, 13835,  -143, 44, 490
619, 31836,  -6273, 3054, 13797,  -148, 48, 499
620, 31972,  -6217, 3053, 13853,  -153, 47, 517
621, 32107,  -6129, 3077, 13878,  -158, 42, 539
622, 32243,  -6004, 3117, 13940,  -159, 44, 558
623, 32378,  -5877, 3117, 13922,  -156, 49, 580
624, 32514,  -5630, 3215, 13879,  -144, 50, 602
625, 32649,  -5566, 3322, 13907,  -147, 54, 604
626, 32785,  -5582, 3361, 13987,  -145, 58, 600
627, 32920,  -5655, 3408, 13968,  -141, 63, 596
628, 33055,  -5732, 3492, 13964,  -146, 71, 590
629, 33191,  -5877, 3579, 13959,  -148, 85, 585
630, 33326,  -6024, 3720, 13996,  -153, 98, 586
631, 33462,  -6161, 3794, 14069,  -159, 109, 596
632, 33597,  -6240, 3866, 14189,  -165, 111, 612
633, 33733,  -6265, 3940, 14240,  -164, 109, 631
634, 33868,  -6327, 4035, 14222,  -159, 107, 646
635, 34004,  -6339, 4073, 14134,  -156, 100, 662
636, 34139,  -6349, 4124, 14172,  -158, 93, 680
637, 34275,  -6321, 4122, 14250,  -159, 80, 697
638, 34410,  -6262, 4191, 14252,  -159, 67, 715
639, 34546,  -6229, 4252, 14269,  -156, 56, 734
640, 34681,  -6128, 4325, 14389,  -157, 47, 755
641, 34816,  -5854, 4448, 14558,  -152, 41, 802
642, 34952,  -5633, 4538, 14553,  -144, 43, 825
643, 35087,  -5444, 4613, 14480,  -138, 52, 844
644, 35223,  -5168, 4684, 14316,  -127, 61, 868
645, 35358,  -4915, 4777, 14236,  -122, 66, 883
646, 35494,  -4770, 4778, 14120,  -119, 72, 895
647, 35629,  -4739, 4813, 13954,  -124, 78, 891
648, 35765,  -4735, 4803, 13872,  -138, 86, 873
649, 35900,  -4765, 4771, 13806,  -155, 93, 854
650, 36036,  -4784, 4750, 13686,  -168, 106, 837
651, 36171,  -4810, 4773, 13595,  -175, 119, 829
652, 36307,  -4858, 4754, 13594,  -187, 125, 834
653, 36442,  -4953, 4746, 13674,  -201, 131, 847
654, 36578,  -5020, 4690, 13772,  -214, 144, 857
655, 36713,  -5032, 4686, 13841,  -225, 155, 869
656, 36848,  -5016, 4660, 13945,  -239, 165, 877
657, 36984,  -4900, 4601, 14120,  -240, 167, 890
658, 37119,  -4731, 4652, 14251,  -231, 171, 904
659, 37255,  -4386, 4401, 14377,  -216, 188, 922
660, 37390,  -4174, 4398, 14430,  -206, 200, 916
661, 37526,  -4051, 4480, 14443,  -206, 216, 908
662, 37661,  -3866, 4467, 14475,  -202, 225, 904
663, 37797,  -3363, 4549, 14447,  -200, 238, 899
664, 37932,  -3144, 4626, 14470,  -205, 283, 885
665, 38068,  -3420, 4730, 14406,  -220, 297, 865
666, 38203,  -3147, 4826, 14545,  -236, 251, 848
667, 38339,  -3052, 4980, 14735,  -257, 235, 830
668, 38474,  -3510, 5176, 14707,  -278, 224, 802
669, 38609,  -3667, 5229, 15011,  -286, 175, 782
670, 38745,  -3239, 5225, 15295,  -282, 156, 766
671, 38880,  -3136, 5180, 15236,  -272, 177, 743
672, 39016,  -3214, 5166, 15071,  -256, 170, 731
673, 39151,  -3171, 5196, 14950,  -239, 133, 729
674, 39287,  -3252, 5242, 14807,  -222, 104, 729
675, 39422,  -3382, 5321, 14519,  -211, 85, 730
676, 39558,  -3635, 5416, 14026,  -224, 65, 740
677, 39693,  -4669, 5106, 13848,  -239, 84, 763
678, 39829,  -4586, 5192, 13675,  -258, 143, 832
679, 39964,  -3987, 5403, 13768,  -271, 192, 903
680, 40100,  -3715, 5326, 14001,  -287, 202, 969
681, 40235,  -3331, 5144, 14144,  -282, 143, 1010
682, 40371,  -2791, 5089, 14190,  -257, 70, 1018
683, 40506,  -2541, 4880, 14090,  -235, 49, 1002
684, 40641,  -2396, 4826, 13860,  -215, 47, 980
685, 40777,  -2007, 4788, 13754,  -208, 54, 959
686, 40912,  -1655, 4570, 13752,  -212, 83, 932
687, 41048,  -1312, 4510, 13888,  -216, 119, 897
688, 41183,  -993, 4458, 13929,  -220, 147, 848
689, 41319,  -802, 4455, 13927,  -226, 160, 779
690, 41454,  -747, 4416, 13982,  -229, 158, 686
691, 41590,  -831, 4481, 13964,  -228, 146, 577
692, 41725,  -1140, 4513, 14001,  -229, 131, 465
693, 41861,  -3001, 4631, 14106,  -227, 120, 305
694, 41996,  -3671, 4935, 14241,  -224, 90, 286
695, 42131,  -4124, 5270, 14142,  -232, 68, 301
696, 42267,  -4497, 5411, 13969,  -245, 69, 327
697, 42402,  -4735, 5396, 13843,  -260, 63, 358
698, 42538,  -4877, 5315, 13923,  -267, 34, 391
699, 42673,  -4493, 5345, 13831,  -267, -10, 422
700, 42809,  -4082, 5356, 13781,  -286, -23, 449
701, 42944,  -3695, 5203, 13777,  -319, -20, 464
702, 43080,  -3283, 4931, 13934,  -343, -10, 465
703, 43215,  -2813, 4587, 13951,  -359, 7, 453
704, 43351,  -2314, 4563, 13929,  -383, 70, 421
705, 43486,  -2401, 4518, 13877,  -419, 185, 370
706, 43622,  -2799, 4461, 13660,  -449, 285, 318
707, 43757,  -3186, 4409, 13747,  -470, 365, 272
708, 43892,  -3650, 4237, 13813,  -486, 430, 232
709, 44028,  -4109, 4013, 13621,  -493, 475, 197
710, 44163,  -4808, 3646, 13434,  -507, 501, 153
711, 44299,  -5039, 3522, 13238,  -506, 479, 149
712, 44434,  -5293, 3432, 13113,  -509, 454, 159
713, 44570,  -5569, 3278, 13124,  -507, 409, 181
714, 44705,  -5696, 3129, 13114,  -490, 324, 202
715, 44841,  -5571, 3105, 13052,  -471, 228, 227
716, 44976,  -5354, 3166, 12833,  -458, 154, 243
717, 45112,  -5143, 3129, 12959,  -457, 103, 249
718, 45247,  -4786, 3120, 13051,  -454, 50, 257
719, 45383,  -4302, 3156, 13083,  -455, 17, 262
720, 45518,  -3973, 3060, 13218,  -456, 7, 260
721, 45654,  -3556, 3096, 13188,  -453, -1, 249
722, 45789,  -3153, 3074, 13219,  -457, 13, 226
723, 45925,  -2885, 2958, 13291,  -464, 40, 194
724, 46060,  -2692, 2924, 13205,  -464, 73, 156
725, 46196,  -2540, 2931, 12976,  -463, 109, 108
726, 46331,  -2511, 2998, 12633,  -467, 149, 58
727, 46466,  -2848, 3024, 12029,  -503, 199, -30
728, 46602,  -3166, 2894, 11936,  -530, 205, -68
729, 46737,  -3477, 2766, 11928,  -559, 207, -100
730, 46873,  -3821, 2653, 11983,  -584, 203, -126
731, 47008,  -4174, 2543, 12132,  -602, 193, -146
732, 47143,  -4466, 2440, 12307,  -616, 168, -158
733, 47279,  -4652, 2357, 12565,  -628, 134, -164
734, 47414,  -4703, 2332, 12767,  -635, 97, -166
735, 47550,  -4653, 2321, 12841,  -640, 55, -166
736, 47685,  -4527, 2295, 12924,  -652, 17, -171
737, 47820,  -4305, 2354, 13057,  -670, -28, -183
738, 47956,  -4131, 2366, 13245,  -687, -66, -195
739, 48091,  -4048, 2333, 13429,  -701, -100, -202
740, 48226,  -3997, 2291, 13485,  -709, -140, -214
741, 48362,  -3963, 2299, 13416,  -719, -183, -227
742, 48497,  -3886, 2259, 13171,  -728, -219, -244
743, 48633,  -3917, 2248, 12935,  -742, -233, -266
744, 48768,  -4091, 2068, 12999,  -794, -265, -303
745, 48903,  -4082, 2009, 13091,  -811, -288, -318
746, 49039,  -4125, 1976, 13302,  -833, -299, -326
747, 49174,  -4188, 2066, 13562,  -867, -306, -330
748, 49310,  -4130, 2088, 13879,  -909, -308, -336
749, 49445,  -4236, 2091, 14134,  -942, -313, -341
750, 49580,  -4279, 2057, 14264,  -960, -331, -346
751, 49716,  -4417, 2044, 14600,  -978, -357, -352
752, 49851,  -4604, 1905, 15230,  -1015, -393, -358
753, 49987,  -4641, 1607, 15931,  -1054, -420, -363
754, 50122,  -4913, 1268, 16514,  -1072, -418, -369
755, 50257,  -5185, 1038, 16918,  -1070, -431, -375
756, 50393,  -5093, 889, 17278,  -1053, -472, -376
757, 50528,  -5072, 891, 17261,  -1042, -494, -377
758, 50663,  -5028, 768, 16990,  -1047, -500, -372
759, 50799,  -4920, 404, 16938,  -1054, -493, -371
760, 50934,  -4620, -585, 16412,  -1031, -424, -376
761, 51070,  -5184, -737, 16965,  -1013, -308, -446
762, 51205,  -4043, -81, 17733,  -1085, -588, -505
763, 51340,  -3779, 193, 17850,  -1076, -673, -420
764, 51476,  -3802, 316, 18050,  -1078, -655, -339
765, 51611,  -3958, 313, 18100,  -1103, -566, -306
766, 51747,  -4147, 11, 18370,  -1143, -469, -329
767, 51882,  -4416, -252, 18613,  -1166, -416, -377
768, 52017,  -4424, -483, 18841,  -1174, -429, -410
769, 52153,  -4584, -415, 18913,  -1177, -452, -410
770, 52288,  -4553, -594, 19007,  -1181, -486, -376
771, 52423,  -4380, -803, 18821,  -1165, -498, -321
772, 52559,  -4541, -871, 18710,  -1143, -463, -260
773, 52694,  -4442, -1094, 18607,  -1142, -441, -204
774, 52830,  -4113, -1352, 18686,  -1154, -399, -171
775, 52965,  -4087, -1620, 19044,  -1172, -312, -166
776, 53100,  -4083, -1738, 19339,  -1188, -218, -192
777, 53236,  -3962, -1653, 19391,  -1185, -134, -221
778, 53371,  -4111, -1469, 19241,  -1180, -101, -237
779, 53507,  -4088, -1409, 18984,  -1151, -221, -205
780, 53642,  -3433, -1679, 18886,  -1150, -289, -172
781, 53777,  -3434, -1814, 18182,  -1129, -254, -151
782, 53913,  -4445, -1565, 17232,  -1126, -169, -162
783, 54048,  -5232, -1925, 17114,  -1167, -147, -193
784, 54183,  -5566, -2266, 17574,  -1192, -177, -241
785, 54319,  -5105, -2498, 18150,  -1194, -283, -251
786, 54454,  -4880, -2494, 18068,  -1164, -382, -218
787, 54590,  -4935, -2224, 17731,  -1131, -471, -164
788, 54725,  -4715, -2139, 17651,  -1114, -560, -106
789, 54860,  -4508, -2106, 17515,  -1100, -615, -54
790, 54996,  -4470, -2117, 17292,  -1088, -613, -10
791, 55131,  -4307, -2373, 17246,  -1082, -570, 33
792, 55267,  -4009, -2757, 17108,  -1071, -507, 65
793, 55402,  -3799, -3076, 16794,  -1062, -441, 88
794, 55538,  -3777, -3346, 16648,  -1053, -401, 113
795, 55673,  -3522, -3537, 16443,  -1036, -410, 160
796, 55809,  -2960, -3842, 16532,  -995, -298, 319
797, 55944,  -2450, -4229, 16619,  -970, -189, 395
798, 56079,  -2075, -4345, 16826,  -944, -109, 423
799, 56215,  -1627, -4016, 16893,  -929, -50, 420
800, 56350,  -1440, -3954, 17212,  -925, 45, 401
801, 56486,  -1477, -4130, 17608,  -906, 132, 354
802, 56621,  -1540, -4246, 17997,  -856, 213, 286
803, 56757,  -1651, -4367, 18313,  -801, 305, 222
804, 56892,  -1844, -4601, 18383,  -751, 401, 182
805, 57028,  -2240, -4869, 18247,  -693, 482, 175
806, 57163,  -2779, -4927, 18099,  -631, 537, 191
807, 57299,  -3357, -4850, 18179,  -579, 554, 222
808, 57434,  -4124, -4757, 18700,  -540, 554, 264
809, 57570,  -4833, -4494, 19211,  -495, 509, 317
810, 57705,  -5563, -4328, 19764,  -416, 477, 396
811, 57841,  -6017, -4238, 20174,  -321, 457, 495
812, 57976,  -5647, -4188, 19733,  -220, 488, 606
813, 58111,  -6388, -4441, 19967,  -153, 622, 707
814, 58247,  -6125, -5191, 21014,  1, 489, 852
815, 58382,  -5174, -5191, 20623,  131, 414, 926
816, 58518,  -4316, -5975, 20054,  244, 424, 978
817, 58653,  -3791, -5826, 19132,  364, 517, 946
818, 58789,  -3334, -5530, 18415,  425, 665, 879
819, 58924,  -3379, -5387, 18055,  436, 831, 810
820, 59060,  -3520, -5474, 17964,  454, 930, 747
821, 59195,  -3244, -5294, 17903,  483, 948, 683
822, 59331,  -3309, -5196, 17580,  516, 940, 635
823, 59466,  -3483, -5034, 17077,  568, 886, 597
824, 59602,  -3533, -5190, 16710,  622, 781, 571
825, 59737,  -3588, -4561, 16339,  647, 658, 541
826, 59872,  -3565, -3967, 16682,  597, 531, 523
827, 60008,  -3606, -3516, 17439,  509, 421, 511
828, 60143,  -4103, -3183, 18030,  445, 327, 476
829, 60279,  -4697, -3132, 18390,  438, 189, 412
830, 60414,  -4513, -2609, 18507,  481, -7, 348
831, 60550,  -3876, -3565, 17786,  512, -528, 305
832, 60685,  -3455, -3361, 16519,  573, -688, 290
833, 60821,  -3401, -3183, 15843,  552, -673, 275
834, 60956,  -3643, -3188, 15500,  483, -593, 260
835, 61092,  -3463, -2792, 14990,  417, -541, 243
836, 61227,  -3144, -2531, 14772,  365, -502, 230
837, 61363,  -2791, -2255, 14636,  326, -462, 213
838, 61498,  -2541, -2232, 14493,  289, -397, 202
839, 61634,  -2465, -2332, 14342,  257, -304, 173
840, 61769,  -2534, -2572, 14435,  219, -204, 134
841, 61905,  -2626, -2908, 14481,  183, -111, 104
842, 62040,  -2663, -3235, 14399,  164, -41, 86
843, 62175,  -2675, -3540, 14282,  157, 14, 77
844, 62311,  -2552, -3736, 14141,  159, 59, 79
845, 62446,  -2537, -3916, 14066,  155, 105, 79
846, 62582,  -2688, -4105, 14092,  141, 131, 74
847, 62717,  -2904, -4259, 14287,  130, 124, 72
848, 62853,  -3638, -4389, 14744,  137, 54, 65
849, 62988,  -3927, -4251, 15113,  145, -28, 73
850, 63124,  -3894, -3815, 15327,  146, -95, 79
851, 63259,  -4204, -3834, 15621,  137, -112, 88
852, 63395,  -4553, -3967, 15714,  165, -168, 107
853, 63530,  -4477, -3756, 15523,  215, -277, 126
854, 63666,  -4430, -3693, 15432,  233, -361, 145
855, 63801,  -4357, -3770, 15368,  240, -418, 165
856, 63937,  -4018, -3450, 15305,  242, -452, 195
857, 64072,  -4048, -3406, 15612,  225, -449, 234
858, 64208,  -4078, -3678, 15945,  232, -468, 279
859, 64343,  -3717, -3924, 16105,  265, -485, 304
860, 64479,  -3402, -3918, 16254,  284, -431, 300
861, 64614,  -3186, -3660, 16235,  276, -324, 281
862, 64749,  -3080, -3493, 16290,  250, -214, 254
863, 64885,  -3080, -3365, 16585,  237, -124, 220
864, 65020,  -3094, -3239, 16904,  232, -54, 187
865, 65156,  -3412, -3141, 16795,  234, 41, 148
866, 65291,  -3626, -2928, 16615,  230, 53, 135
867, 65427,  -3957, -2519, 16430,  210, 58, 123
868, 26,  -4287, -2358, 16425,  176, 72, 112
869, 162,  -4825, -2361, 16681,  149, 90, 114
870, 297,  -5425, -2380, 16972,  135, 70, 110
871, 433,  -5931, -2509, 17128,  132, 7, 105
872, 568,  -6188, -2623, 17255,  142, -74, 101
873, 704,  -6441, -2584, 17059,  154, -163, 113
874, 839,  -6208, -2272, 16714,  147, -240, 134
875, 975,  -5847, -2268, 16716,  122, -255, 160
876, 1110,  -5331, -2342, 16692,  106, -232, 177
877, 1246,  -4741, -2393, 16712,  95, -188, 177
878, 1381,  -4373, -2512, 16645,  77, -138, 161
879, 1517,  -4082, -2641, 16601,  61, -107, 121
880, 1652,  -3794, -2501, 16570,  50, -75, 69
881, 1787,  -3765, -2312, 16489,  33, -34, 18
882, 1923,  -4380, -2349, 15993,  30, 6, -43
883, 2058,  -4685, -2352, 15634,  39, -6, -60
884, 2194,  -4915, -2292, 15402,  33, -17, -71
885, 2329,  -5135, -2310, 15321,  19, -5, -76
886, 2465,  -5356, -2308, 15228,  -5, 19, -75
887, 2600,  -5539, -2385, 15250,  -34, 25, -71
888, 2735,  -5487, -2380, 15450,  -47, -6, -56
889, 2871,  -5247, -2368, 15623,  -52, -56, -37
890, 3006,  -5016, -2435, 15778,  -51, -100, -19
891, 3141,  -4773, -2550, 15771,  -38, -131, -4
892, 3277,  -4568, -2697, 15662,  -21, -150, 0
893, 3412,  -4211, -2808, 15583,  -6, -164, -9
894, 3548,  -3899, -2915, 15439,  -2, -173, -24
895, 3683,  -3740, -2929, 15288,  1, -177, -38
896, 3818,  -3670, -2923, 15136,  9, -185, -49
897, 3954,  -3698, -2898, 15113,  10, -190, -59
898, 4089,  -3741, -2800, 15109,  7, -188, -63
899, 4225,  -3890, -2676, 15172,  3, -167, -75
900, 4360,  -3913, -2663, 15217,  0, -152, -72
901, 4495,  -3870, -2671, 15220,  6, -139, -61
902, 4631,  -3807, -2707, 15228,  14, -123, -45
903, 4766,  -3797, -2730, 15474,  11, -106, -30
904, 4902,  -3741, -2784, 15474,  7, -86, -22
905, 5037,  -3695, -2852, 15421,  11, -54, -20
906, 5172,  -3764, -2811, 15576,  19, -47, -13
907, 5308,  -3491, -2790, 15520,  35, -58, -13
908, 5443,  -3356, -2874, 15292,  50, -40, -17
909, 5579,  -3442, -2887, 15138,  63, -2, -24
910, 5714,  -3444, -2746, 14911,  70, 18, -33
911, 5849,  -3567, -2559, 14894,  53, 43, -42
912, 5985,  -3794, -2457, 15118,  25, 73, -52
913, 6120,  -4088, -2261, 15452,  1, 89, -62
914, 6255,  -4274, -2159, 15785,  -19, 91, -64
915, 6391,  -4472, -2110, 15953,  -22, 87, -63
916, 6526,  -4698, -2068, 16012,  -22, 88, -62
917, 6662,  -4906, -2176, 16175,  -22, 78, -37
918, 6797,  -4834, -2228, 16197,  -24, 71, -16
919, 6932,  -4756, -2314, 16166,  -28, 67, 10
920, 7068,  -4545, -2427, 16150,  -31, 55, 31
921, 7203,  -4323, -2513, 16212,  -37, 50, 42
922, 7339,  -4180, -2583, 16159,  -45, 59, 45
923, 7474,  -4094, -2625, 16131,  -47, 78, 51
924, 7610,  -4036, -2711, 16040,  -44, 100, 51
925, 7745,  -3842, -2619, 15945,  -43, 127, 45
926, 7881,  -3744, -2579, 15943,  -52, 168, 42
927, 8016,  -3683, -2614, 15859,  -68, 193, 35
928, 8152,  -3717, -2566, 15891,  -80, 211, 20
929, 8287,  -3814, -2542, 15947,  -90, 217, -2
930, 8422,  -3972, -2567, 15988,  -104, 224, -23
931, 8558,  -4200, -2498, 16003,  -109, 218, -35
932, 8693,  -4400, -2440, 15956,  -108, 195, -34
933, 8829,  -4635, -2384, 15865,  -102, 165, -27
934, 8964,  -4751, -2402, 15975,  -104, 121, -8
935, 9099,  -4793, -2423, 16064,  -95, 112, -1
936, 9235,  -4738, -2374, 16028,  -91, 94, 12
937, 9370,  -4692, -2368, 15926,  -88, 79, 25
938, 9506,  -4500, -2387, 15929,  -83, 72, 39
939, 9641,  -4216, -2424, 15903,  -79, 86, 47
940, 9777,  -3965, -2529, 15832,  -74, 113, 54
941, 9912,  -3830, -2596, 15692,  -66, 158, 58
942, 10048,  -3791, -2613, 15638,  -60, 207, 59
943, 10183,  -3488, -2647, 15613,  -60, 226, 49
944, 10319,  -3502, -2599, 15626,  -63, 241, 29
945, 10454,  -3773, -2499, 15517,  -64, 248, 1
946, 10589,  -4025, -2434, 15481,  -61, 245, -26
947, 10725,  -4298, -2310, 15523,  -57, 248, -45
948, 10860,  -4600, -2152, 15519,  -52, 253, -53
949, 10996,  -4933, -2026, 15611,  -56, 251, -53
950, 11131,  -5153, -1953, 15634,  -60, 237, -44
951, 11266,  -5204, -1922, 15633,  -58, 157, -3
952, 11402,  -5145, -1898, 15723,  -55, 118, 16
953, 11537,  -5179, -1898, 15789,  -53, 90, 30
954, 11673,  -5046, -2010, 15945,  -48, 63, 44
955, 11808,  -4863, -2069, 15995,  -41, 41, 53
956, 11944,  -4574, -2038, 15900,  -33, 28, 60
957, 12079,  -4296, -2001, 15809,  -26, 32, 65
958, 12215,  -4023, -2051, 15695,  -27, 40, 62
959, 12350,  -3793, -2094, 15688,  -34, 59, 51
960, 12486,  -3714, -2105, 15648,  -43, 80, 38
961, 12621,  -3726, -2199, 15579,  -49, 98, 16
962, 12757,  -3807, -2225, 15587,  -48, 111, 1
963, 12892,  -3947, -2225, 15627,  -47, 125, -7
964, 13027,  -4126, -2223, 15691,  -47, 141, -12
965, 13163,  -4317, -2232, 15821,  -51, 158, -10
966, 13298,  -4442, -2255, 15887,  -48, 170, -8
967, 13433,  -4631, -2213, 15978,  -43, 172, -6
968, 13569,  -4730, -2174, 15792,  -32, 162, 12
969, 13704,  -4730, -2162, 15694,  -31, 152, 29
970, 13840,  -4656, -2134, 15632,  -33, 145, 43
971, 13975,  -4653, -2178, 15646,  -41, 146, 50
972, 14111,  -4753, -2153, 15674,  -50, 145, 53
973, 14246,  -4765, -2152, 15715,  -58, 132, 55
974, 14382,  -4743, -2186, 15818,  -64, 115, 59
975, 14517,  -4714, -2189, 15837,  -60, 97, 65
976, 14653,  -4666, -2179, 15811,  -59, 85, 69
977, 14788,  -4616, -2151, 15759,  -61, 76, 70
978, 14924,  -4555, -2180, 15662,  -62, 69, 68
979, 15059,  -4486, -2140, 15569,  -59, 63, 65
980, 15195,  -4528, -2057, 15503,  -62, 61, 63
981, 15330,  -4606, -2005, 15628,  -69, 68, 64
982, 15466,  -4633, -2017, 15732,  -77, 70, 62
983, 15601,  -4743, -2068, 15832,  -76, 72, 59
984, 15736,  -4781, -2022, 15808,  -70, 69, 59
985, 15872,  -4690, -2029, 15577,  -54, 62, 70
986, 16007,  -4603, -2113, 15349,  -47, 56, 73
987, 16143,  -4499, -2201, 15275,  -46, 52, 76
988, 16278,  -4489, -2331, 15236,  -50, 50, 75
989, 16414,  -4519, -2423, 15309,  -51, 50, 66
990, 16549,  -4515, -2448, 15286,  -48, 60, 57
991, 16685,  -4542, -2469, 15161,  -43, 69, 51
992, 16820,  -4520, -2491, 15125,  -38, 75, 45
993, 16956,  -4514, -2544, 15225,  -33, 87, 43
994, 17091,  -4557, -2554, 15288,  -32, 100, 42
995, 17227,  -4636, -2569, 15364,  -27, 109, 38
996, 17362,  -4673, -2561, 15354,  -17, 106, 33
997, 17498,  -4696, -2564, 15285,  -7, 106, 25
998, 17633,  -4733, -2602, 15195,  5, 100, 22
999, 17769,  -4759, -2623, 15111,  12, 96, 16
