"Time (s)","Acceleration x (m/s^2)","Acceleration y (m/s^2)","Acceleration z (m/s^2)","Absolute acceleration (m/s^2)"
1.631666673E-4,3.792962494E0,-8.826245728E0,1.788780212E0,9.771842854E0
1.012116666E-2,3.777843933E0,-8.873397675E0,1.606609039E0,9.777038595E0
2.007816666E-2,3.845802612E0,-8.860674133E0,1.349743195E0,9.753130293E0
3.003516667E-2,4.062851257E0,-8.863667908E0,9.988728333E-1,9.801485400E0
3.999216665E-2,4.259991302E0,-8.898545380E0,7.232958984E-1,9.892158143E0
4.995016666E-2,4.312382355E0,-8.902736664E0,6.242019653E-1,9.911861065E0
5.990716667E-2,4.252506866E0,-8.910221100E0,6.824308777E-1,9.896543164E0
6.986416665E-2,4.116439819E0,-8.879983978E0,7.551795959E-1,9.816796242E0
7.982116666E-2,4.039350128E0,-8.819509735E0,8.149053955E-1,9.734689118E0
8.977816666E-2,4.036206665E0,-8.788673859E0,8.782237244E-1,9.710974686E0
9.973616667E-2,4.078119507E0,-8.787476349E0,9.383985901E-1,9.733005251E0
1.096931667E-1,4.107458496E0,-8.777596893E0,1.040486298E0,9.746796102E0
1.196501667E-1,4.109105072E0,-8.828341370E0,1.197809143E0,9.811172334E0
1.296071667E-1,4.059707794E0,-8.896898804E0,1.367556152E0,9.874525079E0
1.395641667E-1,3.943100281E0,-8.956624603E0,1.507964172E0,9.901672589E0
1.495221667E-1,3.830234985E0,-8.994346161E0,1.565594330E0,9.900507488E0
1.594791667E-1,3.752097473E0,-9.044042816E0,1.512305145E0,9.907573505E0
1.694361667E-1,3.791315918E0,-9.065148926E0,1.337618408E0,9.916663977E0
1.793931667E-1,3.967200165E0,-9.020242310E0,1.140178986E0,9.919851642E0
1.893511667E-1,4.175866241E0,-8.913663940E0,9.855505371E-1,9.892551419E0
1.993081667E-1,4.268224182E0,-8.815767517E0,8.668473816E-1,9.832950675E0
2.092651667E-1,4.258793793E0,-8.762478333E0,8.324189758E-1,9.778101679E0
2.192221667E-1,4.186943207E0,-8.735384674E0,8.385562134E-1,9.723199851E0
2.291791667E-1,4.120032349E0,-8.751101990E0,8.265811157E-1,9.707712858E0
2.391371667E-1,4.110601959E0,-8.784781952E0,8.036787415E-1,9.732180739E0
2.490941667E-1,4.103267212E0,-8.810528412E0,7.834707642E-1,9.750694291E0
2.590511667E-1,4.121229858E0,-8.841064911E0,7.664062500E-1,9.784495022E0
2.690081667E-1,4.178410950E0,-8.866961060E0,8.125103760E-1,9.835765837E0
2.789661667E-1,4.199217682E0,-8.876690826E0,8.824150085E-1,9.859397822E0
2.889231667E-1,4.161196747E0,-8.878038025E0,9.488768005E-1,9.850659101E0
2.988801667E-1,4.119283905E0,-8.877888336E0,1.010997620E0,9.839081125E0
3.088371667E-1,4.106260986E0,-8.867410126E0,1.086141357E0,9.832194296E0
3.187941667E-1,4.098626862E0,-8.862620087E0,1.156045990E0,9.832660844E0
3.287521667E-1,4.094136200E0,-8.854237518E0,1.178050232E0,9.825847322E0
3.387091667E-1,4.090693359E0,-8.843010864E0,1.237476654E0,9.821606884E0
3.486661667E-1,4.051774292E0,-8.851543121E0,1.261726227E0,9.816243865E0
3.586231667E-1,4.024530945E0,-8.869655457E0,1.269659729E0,9.822406684E0
3.685811667E-1,4.008214874E0,-8.864715729E0,1.242566071E0,9.807800052E0
3.785381667E-1,4.022584991E0,-8.860225067E0,1.225501556E0,9.807478387E0
3.884951667E-1,4.060905304E0,-8.877139893E0,1.182391205E0,9.833240235E0
3.984521667E-1,4.113446045E0,-8.870852966E0,1.145867157E0,9.845074010E0
4.084091667E-1,4.122427368E0,-8.867110748E0,1.085991669E0,9.838670557E0
4.183671667E-1,4.146078186E0,-8.866811371E0,1.051712952E0,9.844613164E0
4.283241667E-1,4.154460754E0,-8.880133667E0,1.040935364E0,9.858999165E0
4.382811667E-1,4.104015656E0,-8.886270905E0,1.072819061E0,9.846811455E0
4.482381667E-1,4.037404175E0,-8.881031799E0,1.099463654E0,9.817442570E0
4.581961667E-1,3.951931915E0,-8.877888336E0,1.123713226E0,9.782504720E0
4.681531667E-1,3.920796661E0,-8.855734406E0,1.116378479E0,9.748998883E0
4.781101667E-1,3.974983978E0,-8.849297791E0,1.090781708E0,9.762191032E0
4.880671667E-1,4.054468689E0,-8.859326935E0,1.068178711E0,9.801397648E0
4.980241667E-1,4.112697601E0,-8.856931915E0,1.072369995E0,9.823924975E0
5.079821667E-1,4.109703827E0,-8.835526428E0,1.117575989E0,9.808423365E0
5.179391667E-1,4.082011414E0,-8.837622070E0,1.137185211E0,9.800998482E0
5.278961667E-1,4.092639313E0,-8.865015106E0,1.117725677E0,9.827893979E0
5.378531667E-1,4.095184021E0,-8.880433044E0,1.101858673E0,9.841072897E0
5.478111667E-1,4.072131958E0,-8.897347870E0,1.105151825E0,9.847152805E0
5.577681667E-1,4.062252502E0,-8.889564056E0,1.083746338E0,9.833653982E0
5.677251667E-1,4.087849274E0,-8.879235535E0,1.046922913E0,9.830940085E0
5.776821667E-1,4.127217407E0,-8.878487091E0,9.960287476E-1,9.841419096E0
5.876391667E-1,4.121828613E0,-8.861123199E0,9.478289795E-1,9.818724726E0
5.975971667E-1,4.110601959E0,-8.841663666E0,8.689430237E-1,9.789133099E0
6.075541667E-1,4.112697601E0,-8.828041992E0,8.463400269E-1,9.775730071E0
6.175111667E-1,4.101171570E0,-8.839867401E0,9.075627136E-1,9.787059517E0
6.274681667E-1,4.090693359E0,-8.844058685E0,9.572593689E-1,9.791194600E0
6.374261667E-1,4.102518768E0,-8.848100281E0,9.913883972E-1,9.803182635E0
6.473831667E-1,4.109853516E0,-8.866811371E0,1.002615051E0,9.824279961E0
6.573401667E-1,4.102069702E0,-8.882977753E0,1.009949799E0,9.836374748E0
6.672971667E-1,4.097279663E0,-8.891809387E0,9.981243896E-1,9.841149685E0
6.772541667E-1,4.082909546E0,-8.878786469E0,9.937834167E-1,9.822963147E0
6.872121667E-1,4.060156860E0,-8.850644989E0,9.964778137E-1,9.788348098E0
6.971691667E-1,4.037553864E0,-8.841663666E0,9.924362183E-1,9.770454812E0
7.071261667E-1,4.042044525E0,-8.838520203E0,1.006956024E0,9.770953063E0
7.170831667E-1,4.047283630E0,-8.847351837E0,1.026565247E0,9.783147526E0
7.270411667E-1,4.047283630E0,-8.851393433E0,1.034049683E0,9.787590573E0
7.369981667E-1,4.054768066E0,-8.841963043E0,1.022823029E0,9.780982644E0
7.469551667E-1,4.058659973E0,-8.849896545E0,9.919871521E-1,9.786594308E0
7.569121667E-1,4.059258728E0,-8.838220825E0,9.620494080E-1,9.773293602E0
7.668685833E-1,4.064048767E0,-8.830586700E0,9.114546204E-1,9.763529248E0
7.768265833E-1,4.069138184E0,-8.831784210E0,8.896000671E-1,9.764716390E0
7.867835833E-1,4.083508301E0,-8.843609619E0,8.743318176E-1,9.780026956E0
7.967405833E-1,4.101920013E0,-8.859476624E0,8.949888611E-1,9.803931808E0
8.066975833E-1,4.130360870E0,-8.910071411E0,9.443861389E-1,9.866160279E0
8.166555833E-1,4.160148926E0,-8.977431335E0,9.862989807E-1,9.943535495E0
8.266125833E-1,4.176614685E0,-9.033265228E0,1.013242950E0,1.000353199E1
8.365695833E-1,4.167932739E0,-9.074130249E0,1.018332367E0,1.003735542E1
8.465265833E-1,4.157903595E0,-9.084458771E0,1.017434235E0,1.004244621E1
8.564835833E-1,4.127965851E0,-9.077573090E0,1.002016296E0,1.002229873E1
8.664415833E-1,4.089944916E0,-9.024583282E0,1.001417542E0,9.958593773E0
8.763985833E-1,4.046385498E0,-8.965156860E0,9.952803040E-1,9.886245800E0
8.863555833E-1,4.014501801E0,-8.915609894E0,9.942324829E-1,9.828164768E0
8.963125833E-1,3.964805145E0,-8.850495300E0,9.912387085E-1,9.748512762E0
9.062705833E-1,3.947141876E0,-8.820557556E0,9.848020935E-1,9.713495754E0
9.162275833E-1,3.941753082E0,-8.812025299E0,9.807604980E-1,9.703148890E0
9.261845833E-1,3.951482849E0,-8.799152069E0,9.710307312E-1,9.694441424E0
9.361415833E-1,3.956721954E0,-8.807534637E0,9.457333374E-1,9.701686789E0
9.460995833E-1,3.980522461E0,-8.829987946E0,9.083111572E-1,9.728220564E0
9.560565833E-1,4.016298065E0,-8.869954834E0,8.502319336E-1,9.773926706E0
9.660135833E-1,4.037404175E0,-8.896898804E0,7.890092468E-1,9.801937379E0
9.759705833E-1,4.071383514E0,-8.922794952E0,7.533833313E-1,9.836667115E0
9.859275833E-1,4.081113281E0,-8.943751373E0,7.137158203E-1,9.856752230E0
9.958855833E-1,4.087100830E0,-8.940158844E0,6.902146912E-1,9.854300060E0
1.005842583E0,4.091741180E0,-8.935069427E0,6.789880371E-1,9.850829220E0
1.015799583E0,4.067491608E0,-8.915310516E0,6.626719666E-1,9.821730179E0
1.025756583E0,4.060156860E0,-8.883277130E0,6.629713440E-1,9.789638262E0
1.035714583E0,4.059857483E0,-8.860225067E0,6.590794373E-1,9.768337460E0
1.045671583E0,4.057911530E0,-8.834328918E0,6.783892822E-1,9.745369436E0
1.055628583E0,4.057163086E0,-8.818611603E0,6.948550415E-1,9.731973409E0
1.065585583E0,4.072281647E0,-8.804091797E0,7.081773376E-1,9.726100211E0
1.075542583E0,4.088298340E0,-8.809779968E0,7.316784668E-1,9.739700190E0
1.085500583E0,4.096680908E0,-8.834777985E0,7.571255493E-1,9.767770247E0
1.095457583E0,4.114044800E0,-8.869206390E0,7.824229431E-1,9.808178846E0
1.105414583E0,4.121828613E0,-8.847950592E0,8.289761353E-1,9.796065651E0
1.115371583E0,4.204157410E0,-8.816216583E0,8.854087830E-1,9.807372894E0
1.125329583E0,4.352947998E0,-8.782087555E0,9.267228699E-1,9.845406714E0
1.135286583E0,4.434528351E0,-8.736282806E0,9.535171509E-1,9.843620976E0
1.145243583E0,4.457131348E0,-8.706943817E0,9.566606140E-1,9.828127493E0
1.155200583E0,4.463268585E0,-8.683742065E0,9.377998352E-1,9.808547867E0
1.165157583E0,4.476141815E0,-8.685388641E0,9.195378113E-1,9.814141388E0
1.175115583E0,4.478237457E0,-8.701405334E0,8.735833740E-1,9.825080836E0
1.185072583E0,4.484075317E0,-8.706494751E0,8.273295593E-1,9.828247886E0
1.195029583E0,4.487967224E0,-8.702453156E0,8.015830994E-1,9.824310469E0
1.204986583E0,4.488565979E0,-8.704698486E0,7.774832153E-1,9.824636402E0
1.214944583E0,4.490511932E0,-8.717272339E0,7.553292847E-1,9.834940609E0
1.224901583E0,4.484674072E0,-8.737480316E0,7.267387390E-1,9.848046152E0
1.234858583E0,4.483326874E0,-8.758287048E0,7.117698669E-1,9.864807561E0
1.244815583E0,4.475243683E0,-8.753646698E0,6.976991272E-1,9.856009365E0
1.254773583E0,4.468507690E0,-8.756341095E0,6.671626282E-1,9.853231771E0
1.264730583E0,4.447700958E0,-8.746761017E0,6.393205261E-1,9.833443081E0
1.274687583E0,4.433929596E0,-8.742869110E0,6.194119263E-1,9.822482531E0
1.284644583E0,4.405488739E0,-8.728798370E0,6.030958557E-1,9.796120489E0
1.294601583E0,4.397255859E0,-8.705746307E0,5.872288513E-1,9.770911707E0
1.304559583E0,4.384232941E0,-8.690478058E0,5.755531311E-1,9.750752215E0
1.314516583E0,4.363126831E0,-8.681646423E0,5.629792786E-1,9.732666954E0
1.324473583E0,4.365072784E0,-8.722212067E0,5.391787720E-1,9.768395851E0
1.334430583E0,4.341571655E0,-8.755143585E0,5.321434021E-1,9.786979117E0
1.344388583E0,4.275109863E0,-8.813821564E0,5.128335571E-1,9.809332962E0
1.354345583E0,4.239483948E0,-8.879534912E0,4.902305603E-1,9.851887657E0
1.364302583E0,4.220623169E0,-8.906478882E0,4.951702881E-1,9.868344320E0
1.374259583E0,4.196523285E0,-8.886420593E0,5.066963196E-1,9.840529447E0
1.384216583E0,4.174369354E0,-8.850345612E0,5.182223511E-1,9.799108702E0
1.394174583E0,4.167932739E0,-8.839867401E0,5.565426636E-1,9.789007035E0
1.404131583E0,4.164340210E0,-8.842412109E0,5.879772949E-1,9.791613687E0
1.414088583E0,4.154760132E0,-8.839418335E0,6.168672180E-1,9.786617057E0
1.424045583E0,4.136348419E0,-8.835077362E0,6.316864014E-1,9.775837455E0
1.434003583E0,4.116739197E0,-8.831035767E0,6.604266357E-1,9.765802459E0
1.443960583E0,4.122277679E0,-8.841513977E0,6.783892822E-1,9.778842196E0
1.453917583E0,4.107907562E0,-8.867110748E0,6.888674927E-1,9.796688011E0
1.463874583E0,4.113146667E0,-8.873247986E0,6.569837952E-1,9.802251427E0
1.473832583E0,4.143533478E0,-8.924142151E0,5.766009521E-1,9.856046442E0
1.483789583E0,4.192481689E0,-9.006620636E0,4.710704041E-1,9.945754135E0
1.493746583E0,4.244872742E0,-9.123677216E0,3.749702454E-1,1.006980800E1
1.503703583E0,4.324058075E0,-9.219927063E0,3.149450684E-1,1.018841124E1
1.513660583E0,4.374203796E0,-9.262288971E0,2.853067017E-1,1.024719746E1
1.523618583E0,4.378544769E0,-9.209149475E0,2.960842896E-1,1.020136041E1
1.533575583E0,4.309837646E0,-9.080417175E0,3.439846802E-1,1.005718659E1
1.543532583E0,4.190835114E0,-8.906778259E0,4.269122314E-1,9.852717999E0
1.553489583E0,4.062102814E0,-8.761580200E0,5.173242188E-1,9.671276608E0
1.563447583E0,3.967948608E0,-8.667126617E0,5.876779175E-1,9.550343727E0
1.573404583E0,3.913910980E0,-8.616831207E0,6.521937561E-1,9.486508099E0
1.583361583E0,3.892505493E0,-8.623567200E0,6.878196716E-1,9.486337869E0
1.593318583E0,3.898792419E0,-8.662336578E0,7.292834473E-1,9.527251003E0
1.603276583E0,3.917503510E0,-8.698710938E0,7.705975342E-1,9.571218641E0
1.613233583E0,3.931125183E0,-8.737480316E0,8.003855896E-1,9.614464341E0
1.623190583E0,3.987557831E0,-8.792116699E0,8.403524780E-1,9.690620506E0
1.633147583E0,4.101620636E0,-8.840615845E0,8.705895996E-1,9.784564712E0
1.643104583E0,4.236041107E0,-8.817114716E0,9.102571106E-1,9.824160228E0
1.653062583E0,4.334236908E0,-8.790320435E0,9.382489014E-1,9.845590582E0
1.663019583E0,4.345313873E0,-8.738977203E0,9.234297180E-1,9.803274844E0
1.672976583E0,4.303101654E0,-8.676856384E0,8.915460205E-1,9.726220996E0
1.682933583E0,4.294719086E0,-8.671317902E0,8.268804932E-1,9.711853455E0
1.692891583E0,4.310436401E0,-8.702602844E0,7.336244202E-1,9.739269122E0
1.702848583E0,4.338428192E0,-8.741222534E0,6.424639893E-1,9.779759228E0
1.712805583E0,4.339925079E0,-8.783584442E0,5.581892395E-1,9.813148352E0
1.722762583E0,4.351451111E0,-8.814570007E0,4.954696655E-1,9.842624720E0
1.732719583E0,4.375101929E0,-8.836723938E0,4.541555786E-1,9.870940387E0
1.742677583E0,4.381837921E0,-8.852141876E0,4.302053833E-1,9.886657475E0
1.752634583E0,4.376898193E0,-8.853489075E0,4.031117249E-1,9.884533659E0
1.762592167E0,4.358187103E0,-8.847950592E0,3.781137085E-1,9.870308733E0
1.772549167E0,4.339925079E0,-8.824748840E0,3.665876770E-1,9.841012565E0
1.782507167E0,4.333488464E0,-8.808881836E0,3.573069763E-1,9.823603705E0
1.792464167E0,4.331692200E0,-8.803792419E0,3.531156921E-1,9.818095995E0
1.802421167E0,4.334536285E0,-8.791667633E0,3.510200500E-1,9.808406581E0
1.812378167E0,4.347559204E0,-8.780440979E0,3.556604004E-1,9.804280144E0
1.822335167E0,4.362677765E0,-8.760532379E0,3.770658875E-1,9.793980985E0
1.832293167E0,4.392615509E0,-8.755742340E0,3.838018799E-1,9.803336107E0
1.842250167E0,4.411326599E0,-8.762478333E0,3.838018799E-1,9.817745809E0
1.852207167E0,4.442611542E0,-8.778195648E0,3.866459656E-1,9.845964211E0
1.862164167E0,4.459526367E0,-8.781638489E0,3.963757324E-1,9.857061615E0
1.872122167E0,4.466412048E0,-8.773106232E0,4.022135925E-1,9.852817126E0
1.882079167E0,4.472549286E0,-8.779991913E0,4.135899353E-1,9.862201161E0
1.892036167E0,4.479285278E0,-8.802894287E0,4.197271729E-1,9.885904882E0
1.901993167E0,4.510121155E0,-8.818312225E0,4.505630493E-1,9.914980101E0
1.911951167E0,4.518503723E0,-8.824299774E0,4.667294312E-1,9.924866687E0
1.921908167E0,4.517006836E0,-8.807534637E0,4.242178345E-1,9.907369879E0
1.931865167E0,4.504133606E0,-8.791068878E0,3.671864319E-1,9.884580792E0
1.941822167E0,4.484075317E0,-8.783883820E0,3.186872864E-1,9.867375943E0
1.951779167E0,4.468807068E0,-8.770561523E0,2.598596191E-1,9.846852952E0
1.961737167E0,4.472399597E0,-8.770112457E0,2.398013306E-1,9.847575100E0
1.971694167E0,4.470154266E0,-8.771010590E0,2.354603577E-1,9.847250759E0
1.981651167E0,4.479584656E0,-8.780141602E0,2.317181396E-1,9.859576995E0
1.991608167E0,4.477489014E0,-8.778794403E0,2.279759216E-1,9.857337980E0
2.001566167E0,4.478237457E0,-8.769064636E0,2.405497742E-1,9.849313149E0
2.011523167E0,4.457879791E0,-8.754694519E0,2.703378296E-1,9.828044103E0
2.021480167E0,4.388573914E0,-8.798852692E0,2.983296204E-1,9.837092571E0
2.031437167E0,4.334835663E0,-8.917406158E0,3.370989990E-1,9.920915711E0
2.041395167E0,4.307891693E0,-8.964258728E0,3.830534363E-1,9.953019407E0
2.051352167E0,4.260889435E0,-8.971294098E0,4.379891968E-1,9.941384768E0
2.061309167E0,4.226461029E0,-8.970246277E0,4.748126221E-1,9.927423539E0
2.071266167E0,4.188889160E0,-8.959917755E0,4.969665527E-1,9.903226461E0
2.081223167E0,4.152215424E0,-8.944200439E0,5.216651917E-1,9.874803745E0
2.091181167E0,4.114793243E0,-8.934021606E0,5.499563599E-1,9.851432256E0
2.101138167E0,4.081712036E0,-8.897796936E0,5.700146484E-1,9.805920669E0
2.111095167E0,4.073329468E0,-8.877588959E0,5.990542603E-1,9.785829790E0
2.121052167E0,4.057013397E0,-8.871002655E0,6.283932495E-1,9.774912986E0
2.131010167E0,4.076772308E0,-8.869056702E0,6.328839111E-1,9.781655344E0
2.140967167E0,4.095782776E0,-8.878487091E0,6.330335999E-1,9.798147841E0
2.150924167E0,4.109254761E0,-8.873247986E0,6.399192810E-1,9.799489844E0
2.160881167E0,4.112547913E0,-8.883726196E0,6.255491638E-1,9.809431850E0
2.170838167E0,4.122277679E0,-8.891809387E0,6.192622375E-1,9.820434469E0
2.180796167E0,4.136647797E0,-8.907077637E0,6.035449219E-1,9.839316719E0
2.190753167E0,4.139791260E0,-8.914711761E0,5.769003296E-1,9.845952034E0
2.200710167E0,4.136797485E0,-8.920848999E0,5.584886169E-1,9.849190314E0
2.210667167E0,4.139940948E0,-8.927435303E0,5.426216125E-1,9.855589803E0
2.220625167E0,4.121229858E0,-8.936117249E0,5.069956970E-1,9.853718672E0
2.230582167E0,4.113745422E0,-8.930129700E0,4.963677979E-1,9.844617760E0
2.240539167E0,4.110901337E0,-8.936266937E0,4.842430115E-1,9.848394177E0
2.250496167E0,4.100123749E0,-8.914562073E0,4.843927002E-1,9.824208263E0
2.260454167E0,4.089196472E0,-8.919801178E0,4.736151123E-1,9.823883759E0
2.270411167E0,4.083059235E0,-8.922944641E0,4.785548401E-1,9.824425099E0
2.280368167E0,4.055666199E0,-8.919352112E0,4.740641785E-1,9.809587517E0
2.290325167E0,4.045038300E0,-8.901838531E0,4.866380310E-1,9.789886652E0
2.300282167E0,4.017495575E0,-8.865763550E0,4.942721558E-1,9.746093524E0
2.310240167E0,3.973786469E0,-8.840166779E0,4.897814941E-1,9.704607848E0
2.320197167E0,3.959416351E0,-8.836574249E0,4.975653076E-1,9.695854451E0
2.330154167E0,3.976480865E0,-8.837622070E0,5.057981873E-1,9.704215359E0
2.340111167E0,4.023932190E0,-8.839418335E0,5.104385376E-1,9.725630790E0
2.350069167E0,4.159101105E0,-8.839118958E0,5.358856201E-1,9.783420636E0
2.360026167E0,4.259093170E0,-8.849447479E0,5.471122742E-1,9.836255749E0
2.369983167E0,4.312831421E0,-8.853339386E0,5.700146484E-1,9.864433580E0
2.379940167E0,4.356390839E0,-8.845256195E0,5.852828979E-1,9.877208835E0
2.389897167E0,4.374353485E0,-8.828640747E0,5.858816528E-1,9.870315252E0
2.399855167E0,4.387226715E0,-8.796757050E0,5.978567505E-1,9.848254949E0
2.409812167E0,4.380041656E0,-8.758287048E0,6.015989685E-1,9.810926473E0
2.419769167E0,4.385280762E0,-8.741072845E0,6.011499023E-1,9.797878498E0
2.429726167E0,4.393513641E0,-8.731492767E0,5.836363220E-1,9.791964023E0
2.439684167E0,4.398004303E0,-8.741671600E0,5.824388123E-1,9.802984198E0
2.449641167E0,4.424199829E0,-8.758137360E0,5.915698242E-1,9.829978077E0
2.459598167E0,4.432582397E0,-8.782686310E0,5.692662048E-1,9.854310201E0
2.469555167E0,4.389921112E0,-8.790769501E0,5.658233643E-1,9.842214785E0
2.479513167E0,4.292324066E0,-8.839867401E0,5.149291992E-1,9.840348248E0
2.489470167E0,4.208947449E0,-8.889414368E0,4.564009094E-1,9.846076793E0
2.499427167E0,4.196672974E0,-8.922495575E0,4.309538269E-1,9.869585226E0
2.509384167E0,4.215234375E0,-8.917855225E0,4.260140991E-1,9.873086177E0
2.519341167E0,4.228107605E0,-8.881480865E0,4.215234375E-1,9.845571507E0
2.529299167E0,4.255350952E0,-8.851992188E0,4.083508301E-1,9.830184526E0
2.539256167E0,4.275558929E0,-8.821455688E0,4.105961609E-1,9.811578560E0
2.549213167E0,4.276606750E0,-8.803043976E0,4.212240601E-1,9.795936823E0
2.559170167E0,4.278403015E0,-8.771759033E0,4.447251892E-1,9.769660659E0
2.569128167E0,4.279450836E0,-8.763077087E0,4.543052673E-1,9.762766656E0
2.579085167E0,4.284091187E0,-8.765921173E0,4.665797424E-1,9.767932635E0
2.589042167E0,4.319268036E0,-8.787775726E0,4.831951904E-1,9.803803148E0
2.598999167E0,4.333787842E0,-8.801547089E0,4.933740234E-1,9.823052791E0
2.608957167E0,4.356091461E0,-8.809480591E0,5.134323120E-1,9.841041298E0
2.618914167E0,4.373605042E0,-8.808582458E0,5.258564758E-1,9.848658336E0
2.628871167E0,4.380939789E0,-8.798104248E0,5.427713013E-1,9.843468519E0
2.638828167E0,4.377946014E0,-8.784931641E0,5.719606018E-1,9.832017807E0
2.648785167E0,4.400099945E0,-8.787027283E0,5.867797852E-1,9.844645169E0
2.658743167E0,4.415517883E0,-8.793763275E0,6.086343384E-1,9.858879575E0
2.668700167E0,4.431235199E0,-8.815168762E0,6.460565186E-1,9.887387659E0
2.678657167E0,4.486021271E0,-8.869356079E0,6.721023560E-1,9.962007111E0
2.688614167E0,4.527934113E0,-8.940009155E0,6.819818115E-1,1.004445370E1
2.698572167E0,4.573140106E0,-8.963510284E0,6.664141846E-1,1.008475260E1
2.708529167E0,4.579876099E0,-8.944350128E0,6.448590088E-1,1.006938466E1
2.718486167E0,4.569098511E0,-8.865464172E0,6.188131714E-1,9.992799704E0
2.728443167E0,4.522395630E0,-8.731941833E0,5.730084229E-1,9.850239036E0
2.738401167E0,4.453089752E0,-8.606652374E0,5.191204834E-1,9.704326845E0
2.748358167E0,4.418062592E0,-8.521329803E0,5.786965942E-1,9.615988167E0
2.758315167E0,4.355343018E0,-8.452323303E0,6.759942627E-1,9.532457724E0
2.768272042E0,4.241130524E0,-8.400980072E0,6.939569092E-1,9.436378038E0
2.778229042E0,4.130809937E0,-8.436755676E0,6.812333679E-1,9.418413665E0
2.788187042E0,4.092339935E0,-8.547824707E0,6.265969849E-1,9.497640610E0
2.798144042E0,4.108356628E0,-8.703051910E0,5.885760498E-1,9.641998159E0
2.808101042E0,4.157454529E0,-8.852291565E0,5.791456604E-1,9.797086496E0
2.818058042E0,4.175117798E0,-8.920848999E0,5.992039490E-1,9.867735346E0
2.828016042E0,4.173920288E0,-8.953331451E0,6.282435608E-1,9.898406166E0
2.837973042E0,4.152065735E0,-8.978928223E0,6.397695923E-1,9.913128014E0
2.847930042E0,4.129462738E0,-8.972491608E0,6.548881531E-1,9.898835621E0
2.857887042E0,4.115242310E0,-8.945996704E0,6.683601379E-1,9.869791364E0
2.867845042E0,4.125570831E0,-8.926986237E0,6.779402161E-1,9.857536248E0
2.877802042E0,4.173471222E0,-8.963210907E0,7.119195557E-1,9.912811975E0
2.887759042E0,4.184847565E0,-8.981173553E0,7.209008789E-1,9.934491714E0
2.897716042E0,4.146377563E0,-8.954229584E0,7.247927856E-1,9.894240694E0
2.907673042E0,4.097129974E0,-8.904083862E0,7.463479614E-1,9.829863617E0
2.917631042E0,4.060156860E0,-8.849746857E0,7.578739929E-1,9.766128514E0
2.927588042E0,4.009412384E0,-8.794212341E0,7.647596741E-1,9.695278012E0
2.937545042E0,3.966152344E0,-8.747958527E0,7.572752380E-1,9.634864222E0
2.947502042E0,3.936064911E0,-8.735085297E0,7.270381165E-1,9.608480970E0
2.957460042E0,3.916006622E0,-8.724008331E0,7.051835632E-1,9.588572005E0
2.967417042E0,3.918401642E0,-8.710386658E0,6.676116943E-1,9.574466697E0
2.977374042E0,3.940555573E0,-8.712033234E0,6.382727051E-1,9.583052402E0
2.987331042E0,3.954027557E0,-8.723409576E0,6.174659729E-1,9.597576402E0
2.997289042E0,3.963158569E0,-8.761729889E0,5.905220032E-1,9.634482484E0
3.007246042E0,3.988156586E0,-8.817863159E0,5.557942200E-1,9.693761440E0
3.017203042E0,4.012406158E0,-8.861123199E0,5.393284607E-1,9.742165197E0
3.027160042E0,3.990551605E0,-8.826545105E0,5.245092773E-1,9.700902566E0
3.037117042E0,3.961212616E0,-8.786129150E0,5.234614563E-1,9.652009259E0
3.047075042E0,3.941902771E0,-8.736881561E0,5.098397827E-1,9.598522463E0
3.057032042E0,3.933071136E0,-8.694519653E0,5.173242188E-1,9.556743426E0
3.066989042E0,3.938759308E0,-8.676407318E0,5.366340637E-1,9.543680891E0
3.076946042E0,3.930825806E0,-8.672365723E0,5.550457764E-1,9.537787718E0
3.086904042E0,3.909869385E0,-8.660240936E0,5.740562439E-1,9.519264270E0
3.096861042E0,3.911066895E0,-8.690927124E0,5.845344543E-1,9.548316033E0
3.106818042E0,3.868106232E0,-8.710386658E0,6.029461670E-1,9.549692436E0
3.116775042E0,3.851490784E0,-8.724307709E0,5.963598633E-1,9.555269297E0
3.126733042E0,3.890260162E0,-8.734187164E0,5.836363220E-1,9.579184773E0
3.136690042E0,3.956123199E0,-8.737031250E0,5.325924683E-1,9.605742062E0
3.146647042E0,3.983366547E0,-8.691226501E0,5.604345703E-1,9.576988778E0
3.156604042E0,3.941304016E0,-8.644523621E0,5.694158936E-1,9.517662551E0
3.166561042E0,3.907923431E0,-8.621621246E0,5.963598633E-1,9.484717368E0
3.176519042E0,3.880979462E0,-8.653205566E0,6.755451965E-1,9.507698432E0
3.186476042E0,3.849694519E0,-8.682245178E0,7.583230591E-1,9.527674590E0
3.196433042E0,3.816164246E0,-8.709338837E0,8.054750061E-1,9.542771217E0
3.206390042E0,3.820355530E0,-8.734336853E0,8.279283142E-1,9.569180839E0
3.216348042E0,3.810476074E0,-8.698710938E0,8.228388977E-1,9.532280091E0
3.226305042E0,3.801195374E0,-8.626710663E0,8.065228271E-1,9.461485200E0
3.236262042E0,3.811374207E0,-8.579858093E0,7.711962891E-1,9.419940656E0
3.246219042E0,3.866759033E0,-8.572523346E0,7.240443420E-1,9.432084719E0
3.256177042E0,3.888763275E0,-8.523724823E0,6.773414612E-1,9.393357021E0
3.266134042E0,3.893104248E0,-8.480015717E0,6.191125488E-1,9.351482641E0
3.276091042E0,3.879183197E0,-8.433761902E0,6.168672180E-1,9.303597544E0
3.286048042E0,3.891757050E0,-8.439749451E0,5.463638306E-1,9.309868805E0
3.296005042E0,3.958667908E0,-8.480913849E0,4.794529724E-1,9.371596794E0
3.305963042E0,4.044439545E0,-8.550070038E0,4.267625427E-1,9.468015375E0
3.315920042E0,4.008813629E0,-8.545579376E0,3.752696228E-1,9.446604728E0
3.325877042E0,3.989803162E0,-8.492589569E0,3.466790771E-1,9.389504419E0
3.335834042E0,3.952680359E0,-8.336314545E0,3.332070923E-1,9.231947204E0
3.345792042E0,3.867357788E0,-8.113278351E0,3.430865479E-1,8.994412167E0
3.355749042E0,3.770958252E0,-7.932903442E0,3.315605164E-1,8.789824545E0
3.365706042E0,3.684138794E0,-7.838749237E0,3.338058472E-1,8.667773336E0
3.375663042E0,3.716172180E0,-7.837402039E0,3.472778320E-1,8.680749293E0
3.385621042E0,3.798351288E0,-7.923173676E0,3.135978699E-1,8.792183871E0
3.395578042E0,3.878434753E0,-8.046367493E0,2.592608643E-1,8.936078679E0
3.405535042E0,3.910318451E0,-8.096662903E0,2.420466614E-1,8.994727741E0
3.415492042E0,3.904779968E0,-8.068820801E0,2.143542480E-1,8.966555830E0
3.425449042E0,3.838916931E0,-7.955805817E0,2.103126526E-1,8.836082888E0
3.435407042E0,3.776496735E0,-7.797285461E0,1.954934692E-1,8.665899021E0
3.445364042E0,3.727249146E0,-7.682174835E0,2.215393066E-1,8.541503150E0
3.455321042E0,3.687581635E0,-7.674690399E0,2.145039368E-1,8.517343657E0
3.465278042E0,3.708987122E0,-7.721542969E0,1.974394226E-1,8.568418385E0
3.475236042E0,3.777095490E0,-7.866890717E0,1.646575928E-1,8.728203252E0
3.485193042E0,3.873345337E0,-8.099357300E0,8.277786255E-2,8.978265141E0
3.495150042E0,3.957769775E0,-8.311466217E0,4.610412598E-2,9.205788280E0
3.505107042E0,3.962260437E0,-8.341553650E0,-1.257385254E-2,9.234781165E0
3.515065042E0,3.897145844E0,-8.279732208E0,-2.020797729E-2,9.151072043E0
3.525022042E0,3.833677826E0,-8.175249481E0,-1.047821045E-2,9.029501622E0
3.534979042E0,3.778143311E0,-8.032147064E0,4.954696655E-2,8.876497521E0
3.544936042E0,3.696413269E0,-7.885302429E0,1.225950623E-1,8.709563422E0
3.554893042E0,3.695664825E0,-7.837402039E0,1.553768921E-1,8.666426668E0
3.564851042E0,3.698508911E0,-7.829917603E0,1.495390320E-1,8.660770159E0
3.574808042E0,3.731889496E0,-7.829169159E0,1.243913269E-1,8.674004965E0
3.584765042E0,3.712280273E0,-7.814799042E0,4.730163574E-2,8.651840633E0
3.594722042E0,3.699107666E0,-7.822283478E0,-2.739303589E-2,8.652876210E0
3.604680042E0,3.795058136E0,-7.938142548E0,-6.870712280E-2,8.798937097E0
3.614637042E0,4.002676392E0,-8.285420380E0,-1.110690308E-1,9.202279364E0
3.624594042E0,4.249363403E0,-8.803043976E0,-1.553768921E-1,9.776237239E0
3.634551042E0,4.470453644E0,-9.363777924E0,-1.478924561E-1,1.037724265E1
3.644509042E0,4.641847229E0,-9.821226654E0,-1.372645569E-1,1.086379677E1
3.654466042E0,4.785847778E0,-1.019470001E1,-8.367599487E-2,1.126247082E1
3.664423042E0,4.863087158E0,-1.032103729E1,-4.610412598E-2,1.140945017E1
3.674380042E0,4.862039337E0,-1.014425491E1,-3.712280273E-2,1.124929831E1
3.684338042E0,4.675527191E0,-9.623787231E0,-7.484436035E-4,1.069943156E1
3.694295042E0,4.442761230E0,-9.066945190E0,6.271957397E-2,1.009710633E1
3.704252042E0,4.271367645E0,-8.691376190E0,1.408570862E-1,9.685269349E0
3.714209042E0,4.122876434E0,-8.402776337E0,2.249821472E-1,9.362445045E0
3.724166042E0,4.045936432E0,-8.262068939E0,2.874023438E-1,9.204020039E0
3.734124042E0,3.957620087E0,-8.155939636E0,3.129991150E-1,9.070836596E0
3.744081042E0,4.012555847E0,-8.246950378E0,3.412902832E-1,9.177650790E0
3.754038042E0,3.974235535E0,-8.278534698E0,3.969744873E-1,9.191641506E0
3.763995208E0,3.888314209E0,-8.276289368E0,4.343966675E-1,9.154488164E0
3.773953208E0,3.884571991E0,-8.359366608E0,4.671784973E-1,9.229689344E0
3.783910208E0,3.971241760E0,-8.518336029E0,4.897814941E-1,9.411306803E0
3.793867208E0,4.099824371E0,-8.742869110E0,4.809498596E-1,9.668383160E0
3.803824208E0,4.244423676E0,-9.008416901E0,4.727169800E-1,9.969461808E0
3.813782208E0,4.357438660E0,-9.287586365E0,4.697232056E-1,1.026972113E1
3.823739208E0,4.377646637E0,-9.487271118E0,4.659809875E-1,1.045893119E1
3.833696208E0,4.380790100E0,-9.601633301E0,4.511618042E-1,1.056343840E1
3.843653208E0,4.371509399E0,-9.598040771E0,4.321513367E-1,1.055553106E1
3.853610208E0,4.360432434E0,-9.512269135E0,3.839515686E-1,1.047110567E1
3.863568208E0,4.361330566E0,-9.360335083E0,3.460803223E-1,1.033232059E1
3.873525208E0,4.364623718E0,-9.241482239E0,3.146456909E-1,1.022516191E1
3.883482208E0,4.339026947E0,-9.196575623E0,2.769241333E-1,1.017255351E1
3.893439208E0,4.346810760E0,-9.259744263E0,2.433938599E-1,1.023214876E1
3.903397208E0,4.422702942E0,-9.443861389E0,2.267784119E-1,1.043063985E1
3.913354208E0,4.525838470E0,-9.635612640E0,2.148033142E-1,1.064774085E1
3.923311208E0,4.694986725E0,-9.868228912E0,1.749861145E-1,1.092956826E1
3.933268208E0,4.796325989E0,-1.008078690E1,1.460961914E-1,1.116460261E1
3.943226208E0,4.776267700E0,-1.007824219E1,1.148112488E-1,1.115333494E1
3.953183208E0,4.709656219E0,-9.862690430E0,8.771759033E-2,1.092983159E1
3.963140208E0,4.632267151E0,-9.611961823E0,8.861572266E-2,1.067031217E1
3.973097208E0,4.538112946E0,-9.426198120E0,9.235794067E-2,1.046213220E1
3.983055208E0,4.517006836E0,-9.409133606E0,8.966354370E-2,1.043758523E1
3.993012208E0,4.616549835E0,-9.565857697E0,9.415420532E-2,1.062200691E1
4.002969208E0,4.749174042E0,-9.765392761E0,8.292755127E-2,1.085930140E1
4.012926208E0,4.848417664E0,-9.947863312E0,6.870712280E-2,1.106670046E1
4.022883208E0,4.961582336E0,-1.016431320E1,8.412506104E-2,1.131095218E1
4.032841208E0,5.014123077E0,-1.024080414E1,1.016386414E-1,1.140288692E1
4.042798208E0,4.904101868E0,-1.002061203E1,1.269360352E-1,1.115701543E1
4.052755208E0,4.649631042E0,-9.575886841E0,1.498384094E-1,1.064608516E1
4.062712208E0,4.360133057E0,-8.982071686E0,1.544787598E-1,9.985601420E0
4.072670208E0,4.102069702E0,-8.391998749E0,1.640588379E-1,9.342351639E0
4.082627208E0,3.880979462E0,-7.892337799E0,1.740879822E-1,8.796664376E0
4.092584208E0,3.757935333E0,-7.590864716E0,1.862127686E-1,8.472188637E0
4.102541208E0,3.658841400E0,-7.390431519E0,2.103126526E-1,8.249232075E0
4.112499208E0,3.469335480E0,-7.199279022E0,2.008822632E-1,7.994139153E0
4.122456208E0,3.520828400E0,-7.262747040E0,2.040257263E-1,8.073744712E0
4.132413208E0,3.668122101E0,-7.445816345E0,1.913021851E-1,8.302523551E0
4.142370208E0,3.905827789E0,-7.743547211E0,1.948947144E-1,8.675021503E0
4.152328208E0,4.115541687E0,-8.025560760E0,2.055226135E-1,9.021615623E0
4.162285208E0,4.148473206E0,-8.149353333E0,1.984872437E-1,9.146648942E0
4.172242208E0,4.124822388E0,-8.163723450E0,1.829196167E-1,9.148442484E0
4.182199208E0,4.117337952E0,-8.143066406E0,1.974394226E-1,9.126937308E0
4.192157208E0,4.078718262E0,-8.109536133E0,2.121089172E-1,9.079950944E0
4.202114208E0,4.093088379E0,-8.093968506E0,2.200424194E-1,9.072712787E0
4.212071208E0,4.073778534E0,-8.048313446E0,2.212399292E-1,9.023301390E0
4.222028208E0,4.080065460E0,-7.983947296E0,1.896556091E-1,8.968072136E0
4.231985208E0,4.086053009E0,-7.907456360E0,1.698966980E-1,8.902390699E0
4.241943208E0,4.078119507E0,-7.834108887E0,1.652563477E-1,8.833551405E0
4.251900208E0,4.076023865E0,-7.869734802E0,1.607656860E-1,8.864115410E0
4.261857208E0,4.120780792E0,-8.010591888E0,1.444496155E-1,9.009510666E0
4.271814208E0,4.190386047E0,-8.219257965E0,1.044827271E-1,9.226399805E0
4.281772208E0,4.295617218E0,-8.446335754E0,5.987548828E-2,9.476101521E0
4.291729208E0,4.424648895E0,-8.709039459E0,1.616638184E-2,9.768579605E0
4.301686208E0,4.559069366E0,-8.992549896E0,-2.125579834E-2,1.008223779E1
4.311643208E0,4.628075867E0,-9.246122589E0,-6.721023560E-2,1.033994131E1
4.321601208E0,4.692292328E0,-9.479636993E0,-9.086105347E-2,1.057777768E1
4.331558208E0,4.831203461E0,-9.759854279E0,-1.023870850E-1,1.089062742E1
4.341515208E0,5.036576385E0,-1.007015900E1,-1.342707825E-1,1.126025011E1
4.351472208E0,5.193450165E0,-1.040261765E1,-1.910028076E-1,1.162853648E1
4.361430208E0,5.114564209E0,-1.043285477E1,-2.589614868E-1,1.162197430E1
4.371387208E0,5.117408295E0,-1.056877213E1,-2.668949890E-1,1.174555426E1
4.381344208E0,5.065017242E0,-1.065828598E1,-2.100132751E-1,1.180243895E1
4.391301208E0,5.079087982E0,-1.074809921E1,-9.385482788E-2,1.188812770E1
4.401258208E0,5.253325653E0,-1.095811249E1,4.116439819E-2,1.215233945E1
4.411216208E0,5.323379974E0,-1.114941467E1,1.050814819E-1,1.235551958E1
4.421173208E0,5.560486908E0,-1.151480484E1,1.193019104E-1,1.278764944E1
4.431130208E0,5.848188629E0,-1.187196213E1,6.286926270E-2,1.323437749E1
4.441087208E0,6.076763306E0,-1.219244568E1,1.257385254E-2,1.362288303E1
4.451045208E0,6.271508331E0,-1.241398499E1,-5.179229736E-2,1.390832565E1
4.461002208E0,6.332281952E0,-1.249676285E1,1.031355286E-1,1.400990768E1
4.470959208E0,5.651497650E0,-1.295600784E1,4.382586365E0,1.479880496E1
4.480916208E0,4.726720734E0,-1.292726761E1,7.242838440E0,1.555361197E1
4.490874208E0,4.235142975E0,-1.074166260E1,1.964365082E0,1.171232178E1
4.500831208E0,3.498674469E0,-8.722960510E0,2.049238586E-1,9.400678534E0
4.510788208E0,3.137475586E0,-7.640411682E0,2.107617188E-1,8.262206983E0
4.520745208E0,2.839894409E0,-6.855144653E0,3.546125793E-1,7.428577155E0
4.530702208E0,2.628833313E0,-6.297853546E0,3.594026184E-1,6.833951574E0
4.540660208E0,2.481090546E0,-5.988596649E0,2.625540161E-1,6.487529170E0
4.550617208E0,2.270029449E0,-5.754184113E0,5.794450378E-1,6.212843556E0
4.560574208E0,2.077679443E0,-6.246660004E0,1.870510254E0,6.843706721E0
4.570531208E0,2.306254120E0,-5.893394623E0,1.599274292E0,6.527525297E0
4.580489208E0,2.578238525E0,-5.688321075E0,-4.677772522E-1,6.262836906E0
4.590446208E0,2.672243042E0,-6.179599457E0,-1.160087585E-1,6.733631290E0
4.600403208E0,2.929108887E0,-6.828050995E0,-9.145980835E-2,7.430365008E0
4.610360208E0,3.550766144E0,-7.887847137E0,-8.547225952E-2,8.650628774E0
4.620318208E0,4.376000061E0,-9.097781067E0,-4.340972900E-2,1.009558722E1
4.630275208E0,5.177134094E0,-1.065184937E1,3.905378723E-1,1.184977351E1
4.640232208E0,5.919290771E0,-1.195698532E1,2.029629364E0,1.349543984E1
4.650189208E0,6.196065216E0,-1.190055267E1,2.806214447E0,1.370726879E1
4.660147208E0,6.048771515E0,-1.185085602E1,2.271376648E0,1.349776193E1
4.670104208E0,5.295238495E0,-1.074226135E1,7.830216980E-1,1.200203536E1
4.680061208E0,4.385430450E0,-9.684261475E0,-9.430389404E-3,1.063094584E1
4.690018208E0,3.764671326E0,-8.905880127E0,-5.912704468E-2,9.669071674E0
4.699976208E0,3.482657776E0,-8.378526764E0,-8.502319336E-2,9.073910120E0
4.709933208E0,3.554508362E0,-8.025560760E0,-4.185296631E-1,8.787452549E0
4.719890208E0,3.867657166E0,-7.964188385E0,-3.799099731E-1,8.861794410E0
4.729847208E0,4.307742004E0,-8.206534424E0,7.658074951E-1,9.300016642E0
4.739804208E0,4.892126770E0,-8.573870544E0,3.145409088E0,1.036039376E1
4.749762208E0,5.206024017E0,-8.841214600E0,4.232897644E0,1.109897221E1
4.759719208E0,4.921914825E0,-8.832233276E0,2.215243378E0,1.035088853E1
4.769680208E0,4.738695831E0,-8.805888062E0,6.724017334E-1,1.002252597E1
4.779637208E0,4.771477661E0,-8.911717987E0,1.093925171E0,1.016771306E1
4.789595208E0,4.851411438E0,-9.111402740E0,1.943708038E0,1.050389708E1
4.799552208E0,4.777764587E0,-9.231602783E0,1.926643524E0,1.057173021E1
4.809509208E0,4.801565094E0,-9.291328583E0,1.425785065E0,1.055540986E1
4.819466208E0,4.981640625E0,-9.439071350E0,1.146914978E0,1.073444108E1
4.829424208E0,4.954996033E0,-9.481133881E0,1.117575989E0,1.075606161E1
4.839381208E0,4.698878632E0,-9.264384613E0,1.287472687E0,1.046737162E1
4.849338208E0,4.417613525E0,-8.864566040E0,1.535057831E0,1.002258664E1
4.859295208E0,4.313579865E0,-8.462502136E0,1.633403320E0,9.637889814E0
4.869253208E0,4.318968658E0,-8.190068665E0,1.278042297E0,9.346876864E0
4.879210208E0,4.398603058E0,-8.150251465E0,1.062939606E0,9.322239452E0
4.889167208E0,4.371958466E0,-8.276888123E0,8.366102600E-1,9.397915436E0
4.899124208E0,4.471052399E0,-8.501870270E0,1.324894867E0,9.696775446E0
4.909082208E0,4.523293762E0,-8.712033234E0,9.915380859E-1,9.866248390E0
4.919039208E0,4.838089142E0,-8.803942108E0,1.461410980E0,1.015146419E1
4.928996208E0,4.863087158E0,-8.813821564E0,3.122057648E0,1.053946447E1
4.938953208E0,5.033582611E0,-8.895701294E0,3.029699707E0,1.066065363E1
4.948910208E0,5.165757751E0,-8.929830322E0,1.683399353E0,1.045278700E1
4.958868208E0,5.112917633E0,-8.917555847E0,8.987310791E-1,1.031854867E1
4.968825208E0,5.051994324E0,-8.903185730E0,1.365460510E0,1.032733485E1
4.978782208E0,4.780758362E0,-8.723259888E0,1.958078156E0,1.013829294E1
4.988739208E0,4.454137573E0,-8.453221436E0,2.042502594E0,9.770778424E0
4.998697208E0,4.343816986E0,-8.397387543E0,1.788630524E0,9.622061250E0
5.008654208E0,4.398453369E0,-8.749156036E0,1.329235840E0,9.882357578E0
5.018611208E0,4.452341309E0,-9.119635620E0,1.356928253E0,1.023876708E1
5.028568208E0,4.283043365E0,-9.292526093E0,1.562301178E0,1.035066600E1
5.038526208E0,4.123774567E0,-9.422455902E0,1.601519623E0,1.040927745E1
5.048483208E0,4.007915497E0,-9.482780457E0,1.637594604E0,1.042440540E1
5.058440208E0,3.821553040E0,-9.429191895E0,1.570534058E0,1.029468332E1
5.068397208E0,3.845652924E0,-9.339977417E0,1.468146973E0,1.020684477E1
5.078355208E0,3.748654633E0,-9.194929047E0,1.389111328E0,1.002640324E1
5.088312208E0,3.573668518E0,-9.026978302E0,1.429676971E0,9.813328701E0
5.098269208E0,3.315156097E0,-8.913963318E0,1.468895416E0,9.623235201E0
5.108226208E0,3.050356750E0,-8.910969543E0,1.794618073E0,9.588050299E0
5.118184208E0,3.305875397E0,-8.921896820E0,1.833537140E0,9.689732372E0
5.128141208E0,3.250640259E0,-8.933871918E0,1.353485413E0,9.602741916E0
5.138098208E0,2.214045868E0,-9.032666473E0,1.481618958E0,9.417338130E0
5.148055208E0,1.920356598E0,-9.146579590E0,1.932930450E0,9.543788964E0
5.158013208E0,2.296224976E0,-9.323811035E0,1.931134186E0,9.794660821E0
5.167970208E0,2.958298187E0,-9.526489563E0,1.697769470E0,1.011869323E1
5.177927208E0,3.956721954E0,-9.642498322E0,1.264869690E0,1.049920558E1
5.187884208E0,4.324357452E0,-9.690249023E0,6.852749634E-1,1.063346582E1
5.197841208E0,4.318519592E0,-9.632169800E0,6.602769470E-1,1.057659076E1
5.207799208E0,4.220623169E0,-9.473200378E0,9.366023254E-1,1.041308836E1
5.217756208E0,4.095034332E0,-9.273815002E0,1.329086151E0,1.022445211E1
5.227713208E0,3.908073120E0,-9.080267487E0,1.540446625E0,1.000486227E1
5.237670208E0,3.775897980E0,-8.952732697E0,1.459015961E0,9.825352709E0
5.247628208E0,3.465593262E0,-8.854387207E0,1.373094635E0,9.607075431E0
5.257585208E0,3.236868896E0,-8.834777985E0,1.346450043E0,9.504922409E0
5.267542208E0,3.679498444E0,-8.978479156E0,1.418150940E0,9.806270894E0
5.277499208E0,3.782933350E0,-9.084907837E0,1.457668762E0,9.948413610E0
5.287457208E0,3.857328644E0,-9.155411224E0,1.435814209E0,1.003803275E1
5.297414208E0,3.965254211E0,-9.210796051E0,1.444795532E0,1.013160594E1
5.307371208E0,3.873345337E0,-9.307195587E0,1.464105377E0,1.018677075E1
5.317328208E0,3.591780853E0,-9.327553253E0,1.561702423E0,1.011647438E1
5.327286208E0,3.436254272E0,-9.298813019E0,1.677411804E0,1.005432630E1
5.337243208E0,3.296445007E0,-9.262738037E0,1.807491302E0,9.996593942E0
5.347200208E0,3.236719208E0,-9.263935547E0,1.848506012E0,9.985681125E0
5.357157208E0,3.573069763E0,-9.263486481E0,1.585951996E0,1.005456379E1
5.367114208E0,3.848347321E0,-9.252708893E0,1.212628326E0,1.009419964E1
5.377072208E0,3.937711487E0,-9.233997803E0,9.659413147E-1,1.008490604E1
5.387029208E0,3.898792419E0,-9.187145233E0,1.002165985E0,1.003038167E1
5.396986208E0,3.805536346E0,-9.125024414E0,1.204545135E0,9.959874820E0
5.406943208E0,3.686234436E0,-9.066945190E0,1.291065216E0,9.872419602E0
5.416901208E0,3.682791595E0,-9.051527252E0,1.233285370E0,9.849573206E0
5.426858208E0,3.642225952E0,-9.073531494E0,1.192570038E0,9.849721161E0
5.436815208E0,3.550915833E0,-9.099876709E0,1.117575989E0,9.831873446E0
5.446772208E0,3.629053345E0,-9.125174103E0,1.103954315E0,9.882183246E0
5.456730208E0,3.722908173E0,-9.152118073E0,1.149160309E0,9.946953297E0
5.466687208E0,3.837869110E0,-9.148525543E0,1.168170776E0,9.989463543E0
5.476644208E0,3.847898254E0,-9.094487915E0,1.195713501E0,9.947148445E0
5.486601208E0,3.803141327E0,-9.011111298E0,1.291663971E0,9.865718757E0
5.496559208E0,3.829636230E0,-8.874894562E0,1.396146698E0,9.766222030E0
5.506516208E0,3.998185730E0,-8.849597168E0,1.415606232E0,9.813500913E0
5.516473208E0,4.141737213E0,-8.842561798E0,1.382075958E0,9.861795995E0
5.526430208E0,4.260739746E0,-8.852291565E0,1.356928253E0,9.917571448E0
5.536388208E0,4.349505157E0,-8.858129425E0,1.337468719E0,9.958587982E0
5.546345208E0,4.387376404E0,-8.859925690E0,1.333277435E0,9.976220911E0
5.556302208E0,4.420307922E0,-8.860225067E0,1.294508057E0,9.985913152E0
5.566259208E0,4.418960724E0,-8.856931915E0,1.272653503E0,9.979584349E0
5.576217208E0,4.407734070E0,-8.851243744E0,1.255588989E0,9.967403832E0
5.586174208E0,4.373006287E0,-8.831933899E0,1.235979767E0,9.932466278E0
5.596131208E0,4.327500916E0,-8.810678101E0,1.239721985E0,9.894049897E0
5.606088208E0,4.264332275E0,-8.808582458E0,1.278191986E0,9.869621545E0
5.616045208E0,4.213587799E0,-8.791667633E0,1.298549652E0,9.835343060E0
5.626003208E0,4.203858032E0,-8.786278839E0,1.316512299E0,9.828749810E0
5.635960208E0,4.236939240E0,-8.787176971E0,1.342558136E0,9.847263356E0
5.645917208E0,4.267775116E0,-8.796607361E0,1.372046814E0,9.873029827E0
5.655874208E0,4.273612976E0,-8.759783936E0,1.395547943E0,9.846072137E0
5.665832208E0,4.268074493E0,-8.714428253E0,1.395248566E0,9.803287113E0
5.675789208E0,4.272116089E0,-8.686735840E0,1.393003235E0,9.780123386E0
5.685746208E0,4.283492432E0,-8.680748291E0,1.381776581E0,9.778190263E0
5.695703208E0,4.298610992E0,-8.692274323E0,1.363813934E0,9.792531736E0
5.705661208E0,4.283043365E0,-8.708291016E0,1.347048798E0,9.797618759E0
5.715618208E0,4.284091187E0,-8.724906464E0,1.341510315E0,9.812088464E0
5.725575208E0,4.295317841E0,-8.726852417E0,1.350641327E0,9.819976601E0
5.735532208E0,4.290228424E0,-8.734187164E0,1.343456268E0,9.823286624E0
5.745490208E0,4.284839630E0,-8.750952301E0,1.351240082E0,9.836913469E0
5.755447208E0,4.291875000E0,-8.762328644E0,1.350491638E0,9.849996038E0
5.765400292E0,4.284689941E0,-8.800199890E0,1.352437592E0,9.880848822E0
5.775357292E0,4.284989319E0,-8.820407867E0,1.367107086E0,9.900995414E0
5.785315292E0,4.272116089E0,-8.819060669E0,1.349443817E0,9.891804971E0
5.795272292E0,4.276906128E0,-8.795709229E0,1.335672455E0,9.871192824E0
5.805229292E0,4.257596283E0,-8.773255920E0,1.343306580E0,9.843861952E0
5.815186292E0,4.246219940E0,-8.740773468E0,1.336720276E0,9.809094030E0
5.825144292E0,4.237837372E0,-8.747659149E0,1.343755646E0,9.812567728E0
5.835101292E0,4.217779083E0,-8.731941833E0,1.335373077E0,9.788753232E0
5.845058292E0,4.181853790E0,-8.739126892E0,1.322200470E0,9.777957560E0
5.855015292E0,4.161645813E0,-8.754544830E0,1.329385529E0,9.784100211E0
5.864973292E0,4.156706085E0,-8.759334869E0,1.345252533E0,9.788455303E0
5.874930292E0,4.148922272E0,-8.762628021E0,1.353186035E0,9.789193956E0
5.884887292E0,4.157005463E0,-8.773854675E0,1.358574829E0,9.803415009E0
5.894844292E0,4.179907837E0,-8.786428528E0,1.383123779E0,9.827817010E0
5.904801292E0,4.200415192E0,-8.772507477E0,1.385369110E0,9.824440075E0
5.914759292E0,4.220772858E0,-8.739875336E0,1.393302612E0,9.805184168E0
5.924716292E0,4.227059784E0,-8.717272339E0,1.396296387E0,9.788182418E0
5.934673292E0,4.238735504E0,-8.697214050E0,1.410816193E0,9.777464561E0
5.944630292E0,4.275109863E0,-8.690028992E0,1.407972107E0,9.786498540E0
5.954588292E0,4.301455078E0,-8.705446930E0,1.413809967E0,9.812552199E0
5.964545292E0,4.316274261E0,-8.736881561E0,1.420995026E0,9.847971861E0
5.974502292E0,4.320016479E0,-8.778495026E0,1.416953430E0,9.885963500E0
5.984459292E0,4.297114105E0,-8.802894287E0,1.426683197E0,9.899068765E0
5.994417292E0,4.277804260E0,-8.779991913E0,1.419198761E0,9.869244774E0
6.004374292E0,4.239184570E0,-8.736731873E0,1.416953430E0,9.813711156E0
6.014331292E0,4.225862274E0,-8.711434479E0,1.397044830E0,9.782573122E0
6.024288292E0,4.221371613E0,-8.717422028E0,1.378782806E0,9.783377082E0
6.034246292E0,4.224664764E0,-8.721014557E0,1.378782806E0,9.787999249E0
6.044203292E0,4.216880951E0,-8.733139343E0,1.372645569E0,9.794588486E0
6.054160292E0,4.210594025E0,-8.734486542E0,1.374292145E0,9.793315888E0
6.064117292E0,4.198469238E0,-8.720565491E0,1.387614441E0,9.777570264E0
6.074075292E0,4.179159393E0,-8.707542572E0,1.399589539E0,9.759381218E0
6.084032292E0,4.179758148E0,-8.728648682E0,1.420845337E0,9.781538093E0
6.093989292E0,4.189188538E0,-8.751401367E0,1.419647827E0,9.805698672E0
6.103946292E0,4.191134491E0,-8.751101990E0,1.424737244E0,9.807001100E0
6.113904292E0,4.193529510E0,-8.747958527E0,1.426832886E0,9.805524985E0
6.123861292E0,4.199816437E0,-8.735833740E0,1.439107361E0,9.799197887E0
6.133818292E0,4.213438110E0,-8.734636230E0,1.431622925E0,9.802880953E0
6.143775292E0,4.225712585E0,-8.724457397E0,1.422641602E0,9.797791224E0
6.153732292E0,4.251758423E0,-8.726253662E0,1.415157166E0,9.809567904E0
6.163690292E0,4.260290680E0,-8.734785919E0,1.408570862E0,9.819910061E0
6.173647292E0,4.270918579E0,-8.727900238E0,1.418150940E0,9.819783102E0
6.183604292E0,4.271217957E0,-8.701405334E0,1.430874481E0,9.798222258E0
6.193561292E0,4.266577606E0,-8.660390625E0,1.429976349E0,9.759655865E0
6.203519292E0,4.273912354E0,-8.621770935E0,1.441652069E0,9.730345397E0
6.213476292E0,4.276906128E0,-8.638685760E0,1.450034637E0,9.747893011E0
6.223433292E0,4.287384338E0,-8.675658875E0,1.454076233E0,9.785860160E0
6.233390292E0,4.287534027E0,-8.719218292E0,1.441053314E0,9.822644772E0
6.243348292E0,4.285438385E0,-8.701854401E0,1.437909851E0,9.805857275E0
6.253305292E0,4.283193054E0,-8.666078796E0,1.440005493E0,9.773447716E0
6.263262292E0,4.291875000E0,-8.640631714E0,1.435065765E0,9.753979761E0
6.273219292E0,4.291875000E0,-8.646020508E0,1.417851562E0,9.756237220E0
6.283177292E0,4.289629669E0,-8.676407318E0,1.404379578E0,9.780247883E0
6.293134292E0,4.288731537E0,-8.718469849E0,1.402583313E0,9.816933057E0
6.303091292E0,4.286486206E0,-8.733139343E0,1.407672729E0,9.829711557E0
6.313048292E0,4.281696167E0,-8.738827515E0,1.412313080E0,9.833344123E0
6.323006292E0,4.288132782E0,-8.724756775E0,1.409019928E0,9.823176711E0
6.332963292E0,4.285139008E0,-8.711733856E0,1.416055298E0,9.811316716E0
6.342920292E0,4.285737762E0,-8.702902222E0,1.407523041E0,9.802508677E0
6.352877292E0,4.273313599E0,-8.720715179E0,1.412462769E0,9.813619792E0
6.362835292E0,4.277654572E0,-8.734636230E0,1.420995026E0,9.829111128E0
6.372792292E0,4.280049591E0,-8.749904480E0,1.416504364E0,9.843075613E0
6.382749292E0,4.284091187E0,-8.731642456E0,1.410965881E0,9.827809623E0
6.392706292E0,4.275708618E0,-8.718170471E0,1.411265259E0,9.812229623E0
6.402664292E0,4.279301147E0,-8.703950043E0,1.409768372E0,9.800949521E0
6.412621292E0,4.290976868E0,-8.699309692E0,1.414857788E0,9.802667706E0
6.422578292E0,4.287683716E0,-8.700507202E0,1.401086426E0,9.800311240E0
6.432535292E0,4.290527802E0,-8.703201599E0,1.403481445E0,9.804290237E0
6.442492292E0,4.287384338E0,-8.711733856E0,1.408271484E0,9.811177290E0
6.452450292E0,4.287983093E0,-8.704249420E0,1.404379578E0,9.804235767E0
6.462407292E0,4.288881226E0,-8.705147552E0,1.412612457E0,9.806608488E0
6.472364292E0,4.289030914E0,-8.706345062E0,1.433568878E0,9.810777250E0
6.482321292E0,4.297712860E0,-8.698112183E0,1.441951447E0,9.808502197E0
6.492279292E0,4.290378113E0,-8.694369965E0,1.435963898E0,9.801092069E0
6.502236292E0,4.295617218E0,-8.675958252E0,1.426982574E0,9.785747705E0
6.512193292E0,4.293521576E0,-8.666378174E0,1.412762146E0,9.774269029E0
6.522150292E0,4.277504883E0,-8.643475800E0,1.412313080E0,9.746863606E0
6.532108292E0,4.252506866E0,-8.610244904E0,1.401236115E0,9.704823265E0
6.542065292E0,4.254003754E0,-8.595126343E0,1.384770355E0,9.689702458E0
6.552022292E0,4.236041107E0,-8.628506927E0,1.369053040E0,9.709247256E0
6.561979292E0,4.224515076E0,-8.658145294E0,1.384171600E0,9.732725136E0
6.571937292E0,4.217629395E0,-8.732839966E0,1.387764130E0,9.796774003E0
6.581894292E0,4.239933014E0,-8.990154877E0,1.397942963E0,1.003763723E1
6.591851292E0,4.301006012E0,-9.119635620E0,1.470541992E0,1.018964672E1
6.601808292E0,4.341571655E0,-9.056466980E0,1.491648102E0,1.015351430E1
6.611766292E0,4.306095428E0,-9.013206940E0,1.466949463E0,1.009615263E1
6.621723292E0,4.335434418E0,-8.993298340E0,1.511706390E0,1.009755727E1
6.631680292E0,4.346810760E0,-8.909023590E0,1.524429932E0,1.002942430E1
6.641637292E0,4.334536285E0,-8.793014832E0,1.501377869E0,9.917633293E0
6.651595292E0,4.295617218E0,-8.747060394E0,1.474882965E0,9.855895321E0
6.661552292E0,4.226461029E0,-8.720266113E0,1.427281952E0,9.795057309E0
6.671509292E0,4.145778809E0,-8.644224243E0,1.394799500E0,9.687907944E0
6.681466292E0,4.096381531E0,-8.549022217E0,1.371897125E0,9.578529336E0
6.691424292E0,4.100722504E0,-8.480913849E0,1.358874207E0,9.517791964E0
6.701381292E0,4.134103088E0,-8.484506378E0,1.363963623E0,9.536144587E0
6.711338292E0,4.193230133E0,-8.596623230E0,1.378333740E0,9.663587005E0
6.721295292E0,4.220473480E0,-8.712332611E0,1.394500122E0,9.780683336E0
6.731253292E0,4.245621185E0,-8.797206116E0,1.429377594E0,9.872145410E0
6.741210292E0,4.272265778E0,-8.831335144E0,1.468296661E0,9.919709189E0
6.751167292E0,4.290527802E0,-8.825048218E0,1.469494171E0,9.922173047E0
6.761124292E0,4.308939514E0,-8.818312225E0,1.469943237E0,9.924229107E0
6.771081708E0,4.326004028E0,-8.816366272E0,1.469943237E0,9.929922367E0
6.781038708E0,4.342769165E0,-8.805588684E0,1.456770630E0,9.925735074E0
6.790995708E0,4.329147491E0,-8.799301758E0,1.435065765E0,9.911036433E0
6.800952708E0,4.323758698E0,-8.784332886E0,1.440304871E0,9.896154387E0
6.810909708E0,4.335135040E0,-8.765172729E0,1.419049072E0,9.881060118E0
6.820867708E0,4.359534302E0,-8.738079071E0,1.404529266E0,9.865711715E0
6.830824708E0,4.388573914E0,-8.709638214E0,1.401834869E0,9.853046220E0
6.840781708E0,4.405638428E0,-8.673413544E0,1.422042847E0,9.831579645E0
6.850738708E0,4.443509674E0,-8.669222260E0,1.440304871E0,9.847571829E0
6.860696708E0,4.474195862E0,-8.659043427E0,1.457668762E0,9.855062653E0
6.870653708E0,4.529281311E0,-8.652606812E0,1.506916351E0,9.881942659E0
6.880610708E0,4.572241974E0,-8.692274323E0,1.529968414E0,9.939911112E0
6.890567708E0,4.567152557E0,-8.724906464E0,1.551972656E0,9.969528294E0
6.900525708E0,4.548441467E0,-8.724906464E0,1.575174408E0,9.964611733E0
6.910482708E0,4.493356018E0,-8.716673584E0,1.589993591E0,9.934723262E0
6.920439708E0,4.432283020E0,-8.680299225E0,1.574425964E0,9.872767825E0
6.930396708E0,4.355193329E0,-8.626111908E0,1.544787598E0,9.785902324E0
6.940354708E0,4.291276245E0,-8.584648132E0,1.539997559E0,9.720227767E0
6.950311708E0,4.249213715E0,-8.540489960E0,1.538800049E0,9.662488889E0
6.960268708E0,4.210294647E0,-8.521629181E0,1.528022461E0,9.627024335E0
6.970225708E0,4.208797760E0,-8.517886963E0,1.517693939E0,9.621422545E0
6.980183708E0,4.229305115E0,-8.550968170E0,1.525328064E0,9.660885265E0
6.990140708E0,4.248764648E0,-8.554860077E0,1.532363434E0,9.673973830E0
7.000097708E0,4.248614960E0,-8.564140778E0,1.551972656E0,9.685239050E0
7.010054708E0,4.243226166E0,-8.566535797E0,1.577569427E0,9.689129432E0
7.020012708E0,4.234244843E0,-8.576115875E0,1.591490479E0,9.695949404E0
7.029969708E0,4.250710602E0,-8.582103424E0,1.621278534E0,9.713371397E0
7.039926708E0,4.247716827E0,-8.564140778E0,1.621428223E0,9.696217561E0
7.049883708E0,4.260290680E0,-8.553063812E0,1.622326355E0,9.692106069E0
7.059841708E0,4.271517334E0,-8.555309143E0,1.617536316E0,9.698226570E0
7.069798708E0,4.290378113E0,-8.562494202E0,1.615290985E0,9.712508238E0
7.079755708E0,4.306394806E0,-8.574020233E0,1.601968689E0,9.727546600E0
7.089712708E0,4.308789825E0,-8.637787628E0,1.587299194E0,9.782462042E0
7.099670708E0,4.300257568E0,-8.724158020E0,1.584006042E0,9.854553438E0
7.109627708E0,4.282893677E0,-8.732390900E0,1.585053864E0,9.854452030E0
7.119584708E0,4.281097412E0,-8.698411560E0,1.585502930E0,9.823643838E0
7.129541708E0,4.285887451E0,-8.718769226E0,1.591490479E0,9.844724984E0
7.139499708E0,4.283642120E0,-8.742869110E0,1.578168182E0,9.862959237E0
7.149456708E0,4.319866791E0,-8.760382690E0,1.563648376E0,9.891943703E0
7.159413708E0,4.331991577E0,-8.743018799E0,1.535806274E0,9.877511309E0
7.169370708E0,4.331093445E0,-8.711584167E0,1.506317596E0,9.844747932E0
7.179328708E0,4.318369904E0,-8.677904205E0,1.506167908E0,9.809326266E0
7.189285708E0,4.290078735E0,-8.649613037E0,1.489103394E0,9.769237952E0
7.199242708E0,4.267625427E0,-8.595126343E0,1.460961914E0,9.706865269E0
7.209199708E0,4.261488190E0,-8.557105408E0,1.441053314E0,9.667521358E0
7.219157708E0,4.245172119E0,-8.530460815E0,1.433868256E0,9.635674663E0
7.229114708E0,4.205504608E0,-8.557853851E0,1.444346466E0,9.644131286E0
7.239071708E0,4.126169586E0,-8.671766968E0,1.465751953E0,9.714589368E0
7.249028708E0,4.124073944E0,-8.755892029E0,1.511107635E0,9.795768342E0
7.258985708E0,4.127067719E0,-8.736582184E0,1.516795807E0,9.780655690E0
7.268943708E0,4.136647797E0,-8.723259888E0,1.522184601E0,9.773646404E0
7.278900708E0,4.170627136E0,-8.742270355E0,1.532962189E0,9.806701522E0
7.288857708E0,4.202061768E0,-8.740923157E0,1.522334290E0,9.817258396E0
7.298814708E0,4.229604492E0,-8.712332611E0,1.493144989E0,9.799172192E0
7.308772708E0,4.244124298E0,-8.700806580E0,1.464554443E0,9.790890966E0
7.318729708E0,4.250261536E0,-8.705895996E0,1.462159424E0,9.797716999E0
7.328686708E0,4.219275970E0,-8.711284790E0,1.454824677E0,9.788017534E0
7.338643708E0,4.208947449E0,-8.675658875E0,1.430425415E0,9.748251761E0
7.348601708E0,4.190086670E0,-8.641978912E0,1.421593781E0,9.708838999E0
7.358558708E0,4.180506592E0,-8.610693970E0,1.420096893E0,9.676639974E0
7.368515708E0,4.159101105E0,-8.622968445E0,1.447938995E0,9.682470456E0
7.378472708E0,4.148323517E0,-8.615034943E0,1.453178101E0,9.671563558E0
7.388430708E0,4.132606201E0,-8.608149261E0,1.450932770E0,9.658357708E0
7.398387708E0,4.124073944E0,-8.608897705E0,1.452878723E0,9.655669950E0
7.408344708E0,4.107159119E0,-8.635242920E0,1.438059540E0,9.669756540E0
7.418301708E0,4.101171570E0,-8.668473816E0,1.433718567E0,9.696267090E0
7.428259708E0,4.108356628E0,-8.721613312E0,1.403930511E0,9.742492177E0
7.438216708E0,4.130510559E0,-8.772806854E0,1.372046814E0,9.793149138E0
7.448173708E0,4.151916046E0,-8.796158295E0,1.347946930E0,9.819764179E0
7.458130708E0,4.158652039E0,-8.792565765E0,1.306333466E0,9.813771275E0
7.468088708E0,4.145180054E0,-8.760233002E0,1.300794983E0,9.778357097E0
7.478045708E0,4.120780792E0,-8.696465607E0,1.313368835E0,9.712583904E0
7.488002708E0,4.113296356E0,-8.597072296E0,1.307980042E0,9.619754195E0
7.497959708E0,4.121529236E0,-8.519832916E0,1.319655762E0,9.555943046E0
7.507917708E0,4.142635345E0,-8.538094940E0,1.332528992E0,9.583116733E0
7.517874708E0,4.165238342E0,-8.615933075E0,1.347348175E0,9.664308579E0
7.527831708E0,4.194577332E0,-8.674461365E0,1.337319031E0,9.727753140E0
7.537788708E0,4.271217957E0,-8.747210083E0,1.318009186E0,9.823142841E0
7.547746708E0,4.352798309E0,-8.798703003E0,1.287173309E0,9.900547600E0
7.557703708E0,4.423900452E0,-8.833281097E0,1.262774048E0,9.959535554E0
7.567660708E0,4.442910919E0,-8.787326660E0,1.242416382E0,9.924724970E0
7.577617708E0,4.417164459E0,-8.630901947E0,1.227148132E0,9.772906570E0
7.587575708E0,4.370760956E0,-8.581354980E0,1.203048248E0,9.705180561E0
7.597532708E0,4.357438660E0,-8.672665100E0,1.207688599E0,9.780639210E0
7.607489708E0,4.332889709E0,-8.791967010E0,1.243763580E0,9.880261383E0
7.617446708E0,4.328399048E0,-8.811875610E0,1.261426849E0,9.898251754E0
7.627404708E0,4.327351227E0,-8.814869385E0,1.225351868E0,9.895927350E0
7.637361708E0,4.328848114E0,-8.810678101E0,1.215472412E0,9.891630188E0
7.647318708E0,4.323609009E0,-8.760532379E0,1.122815094E0,9.833678669E0
7.657275708E0,4.340374146E0,-8.691525879E0,9.289682007E-1,9.759326398E0
7.667233708E0,4.294569397E0,-8.681347046E0,1.054407349E0,9.742735124E0
7.677190708E0,4.218078461E0,-8.674012299E0,1.107995911E0,9.708672937E0
7.687147708E0,4.182153168E0,-8.665480042E0,1.104253693E0,9.685056824E0
7.697104708E0,4.162993011E0,-8.662635956E0,1.072968750E0,9.670730813E0
7.707062708E0,4.155957642E0,-8.677006073E0,1.090332642E0,9.682522583E0
7.717019708E0,4.178710327E0,-8.716224518E0,1.179846497E0,9.737875928E0
7.726976708E0,4.193828888E0,-8.760981445E0,1.245260468E0,9.792531351E0
7.736933708E0,4.213138733E0,-8.821904755E0,1.240470428E0,9.854709959E0
7.746890708E0,4.236340485E0,-8.872050476E0,1.199755096E0,9.904507693E0
7.756848708E0,4.236190796E0,-8.894803162E0,1.154848480E0,9.919501538E0
7.766805667E0,4.254303131E0,-8.903485107E0,1.114731903E0,9.930446586E0
7.776762667E0,4.250261536E0,-8.914412384E0,1.050066376E0,9.931470720E0
7.786719667E0,4.236041107E0,-8.885372772E0,9.915380859E-1,9.893282637E0
7.796677667E0,4.208049316E0,-8.853638763E0,9.955796814E-1,9.853211522E0
7.806634667E0,4.179009705E0,-8.836274872E0,9.720785522E-1,9.822871904E0
7.816591667E0,4.167783051E0,-8.824748840E0,9.148974609E-1,9.802226534E0
7.826548667E0,4.167932739E0,-8.836574249E0,8.743318176E-1,9.809238702E0
7.836506667E0,4.214485931E0,-8.875792694E0,9.476792908E-1,9.871154120E0
7.846463667E0,4.262536011E0,-8.918753357E0,9.690847778E-1,9.932396488E0
7.856420667E0,4.295916595E0,-8.963210907E0,9.113049316E-1,9.981208636E0
7.866377667E0,4.322710876E0,-8.990903320E0,8.803193665E-1,1.001484568E1
7.876335667E0,4.322561188E0,-8.989855499E0,8.910969543E-1,1.001479360E1
7.886292667E0,4.311334534E0,-8.977880402E0,9.154962158E-1,1.000140367E1
7.896249667E0,4.271367645E0,-8.939260712E0,9.201365662E-1,9.949955524E0
7.906206667E0,4.220174103E0,-8.897946625E0,8.999285889E-1,9.889044193E0
7.916164667E0,4.184997253E0,-8.863069153E0,8.942404175E-1,9.842147263E0
7.926121667E0,4.169130249E0,-8.826245728E0,9.163943481E-1,9.804286781E0
7.936078667E0,4.157903595E0,-8.808582458E0,9.421408081E-1,9.786057252E0
7.946035667E0,4.146527252E0,-8.806037750E0,9.223818970E-1,9.777053619E0
7.955993667E0,4.151916046E0,-8.810977478E0,8.747808838E-1,9.779415758E0
7.965950667E0,4.174369354E0,-8.828191681E0,8.782237244E-1,9.804774591E0
7.975907667E0,4.189188538E0,-8.856333160E0,8.912466431E-1,9.837594128E0
7.985864667E0,4.213438110E0,-8.894354095E0,8.843609619E-1,9.881532766E0
7.995822667E0,4.241729279E0,-8.918603668E0,8.746311951E-1,9.914572023E0
8.005779667E0,4.258344727E0,-8.938063202E0,8.478369141E-1,9.936865756E0
8.015736667E0,4.259542236E0,-8.955726471E0,8.439450073E-1,9.952938253E0
8.025693667E0,4.247567139E0,-8.959169312E0,8.593629456E-1,9.952238242E0
8.035651667E0,4.213288422E0,-8.917555847E0,8.524772644E-1,9.899561561E0
8.045608667E0,4.162394257E0,-8.875493317E0,8.533753967E-1,9.840129935E0
8.055565667E0,4.131857758E0,-8.836274872E0,8.599617004E-1,9.792422390E0
8.065522667E0,4.122577057E0,-8.805289307E0,8.608598328E-1,9.760627081E0
8.075480667E0,4.108656006E0,-8.794661407E0,8.607101440E-1,9.745149840E0
8.085437667E0,4.112847290E0,-8.793314209E0,9.002279663E-1,9.749271665E0
8.095394667E0,4.101021881E0,-8.808432770E0,9.169931030E-1,9.759495104E0
8.105351667E0,4.108057251E0,-8.832532654E0,9.291178894E-1,9.785347593E0
8.115309667E0,4.106410675E0,-8.844208374E0,9.065148926E-1,9.793079171E0
8.125266667E0,4.111051025E0,-8.840466156E0,9.096583557E-1,9.791938557E0
8.135223667E0,4.119283905E0,-8.821605377E0,9.056167603E-1,9.778004042E0
8.145180667E0,4.109254761E0,-8.805289307E0,8.801696777E-1,9.756730658E0
8.155138667E0,4.128714294E0,-8.800798645E0,8.448431396E-1,9.757771182E0
8.165095667E0,4.166435852E0,-8.812474365E0,8.089178467E-1,9.781269868E0
8.175052667E0,4.197870483E0,-8.848549347E0,8.023315430E-1,9.826631063E0
8.185009667E0,4.251459045E0,-8.902736664E0,8.378077698E-1,9.901290117E0
8.194967667E0,4.311184845E0,-8.937464447E0,8.337661743E-1,9.957898952E0
8.204924667E0,4.341871033E0,-8.937464447E0,7.921527100E-1,9.967829288E0
8.214881667E0,4.350253601E0,-8.918004913E0,7.610174561E-1,9.951616230E0
8.224838667E0,4.341721344E0,-8.880283356E0,7.759863281E-1,9.915247424E0
8.234796667E0,4.314927063E0,-8.817713470E0,8.235873413E-1,9.851343183E0
8.244753667E0,4.270319824E0,-8.776399384E0,8.499325562E-1,9.797101760E0
8.254710667E0,4.225862274E0,-8.771908722E0,8.521778870E-1,9.773970623E0
8.264667667E0,4.214635620E0,-8.765921173E0,8.568182373E-1,9.764152033E0
8.274625667E0,4.218677216E0,-8.752149811E0,8.698411560E-1,9.754690533E0
8.284582667E0,4.226610718E0,-8.756191406E0,8.779243469E-1,9.762472907E0
8.294539667E0,4.253704376E0,-8.774154053E0,8.726852417E-1,9.789860050E0
8.304496667E0,4.267326050E0,-8.803343353E0,8.722361755E-1,9.821900109E0
8.314453667E0,4.281995544E0,-8.844208374E0,8.765771484E-1,9.865287381E0
8.324411667E0,4.295617218E0,-8.875193939E0,8.761280823E-1,9.898939093E0
8.334368667E0,4.274361420E0,-8.879385223E0,8.542735291E-1,9.891583834E0
8.344325667E0,4.263883209E0,-8.858279114E0,8.571176147E-1,9.868356473E0
8.354282667E0,4.239034882E0,-8.831484833E0,8.518785095E-1,9.833119448E0
8.364240667E0,4.203858032E0,-8.789721680E0,8.355624390E-1,9.779048734E0
8.374197667E0,4.204905853E0,-8.775501251E0,8.390052795E-1,9.767015169E0
8.384154667E0,4.204905853E0,-8.771160278E0,8.442443848E-1,9.763566687E0
8.394111667E0,4.213887177E0,-8.779991913E0,8.473878479E-1,9.775641631E0
8.404069667E0,4.238286438E0,-8.803343353E0,8.523275757E-1,9.807567916E0
8.414026667E0,4.248764648E0,-8.814719696E0,8.595126343E-1,9.822934710E0
8.423983667E0,4.251758423E0,-8.816665649E0,8.566685486E-1,9.825727651E0
8.433940667E0,4.245321808E0,-8.810977478E0,8.508306885E-1,9.817331319E0
8.443898667E0,4.229604492E0,-8.781788177E0,8.345146179E-1,9.782932710E0
8.453855667E0,4.220623169E0,-8.766819305E0,8.439450073E-1,9.766423288E0
8.463812667E0,4.211941223E0,-8.773255920E0,8.454418945E-1,9.768584355E0
8.473769667E0,4.232149200E0,-8.787027283E0,8.553213501E-1,9.790531647E0
8.483727667E0,4.252506866E0,-8.800349579E0,8.520281982E-1,9.811010112E0
8.493684667E0,4.275409241E0,-8.820856934E0,8.583151245E-1,9.839885470E0
8.503641667E0,4.286935272E0,-8.845705261E0,8.595126343E-1,9.867273056E0
8.513598667E0,4.276307373E0,-8.862620087E0,8.587641907E-1,9.877768750E0
8.523556667E0,4.248914337E0,-8.869356079E0,8.644523621E-1,9.872488450E0
8.533513667E0,4.231400757E0,-8.861123199E0,8.586145020E-1,9.857052074E0
8.543470667E0,4.213288422E0,-8.843609619E0,8.839118958E-1,9.835778091E0
8.553427667E0,4.221072235E0,-8.838520203E0,8.887019348E-1,9.834972360E0
8.563385667E0,4.215384064E0,-8.811875610E0,8.761280823E-1,9.807457111E0
8.573342667E0,4.220024414E0,-8.788075104E0,8.517288208E-1,9.785924181E0
8.583299667E0,4.221670990E0,-8.788075104E0,8.433462524E-1,9.785908383E0
8.593256667E0,4.213438110E0,-8.788374481E0,8.436456299E-1,9.782654276E0
8.603214667E0,4.199816437E0,-8.781937866E0,8.419990540E-1,9.770867576E0
8.613171667E0,4.208498383E0,-8.787476349E0,8.544232178E-1,9.780656330E0
8.623128667E0,4.234993286E0,-8.812923431E0,8.472381592E-1,9.814305887E0
8.633085667E0,4.265230408E0,-8.835975494E0,8.497828674E-1,9.848288394E0
8.643043667E0,4.283342743E0,-8.841963043E0,8.572673035E-1,9.862162174E0
8.653000667E0,4.287234650E0,-8.839418335E0,8.557704163E-1,9.861442108E0
8.662957667E0,4.279899902E0,-8.835227051E0,8.789721680E-1,9.856539569E0
8.672914667E0,4.267326050E0,-8.810678101E0,8.893006897E-1,9.830003862E0
8.682872667E0,4.282743988E0,-8.798403625E0,1.031055908E0,9.839556835E0
8.692829667E0,4.307292938E0,-8.762478333E0,1.415905609E0,9.866032013E0
8.702786667E0,4.256398773E0,-8.679550781E0,1.440753937E0,9.773807047E0
8.712743667E0,4.231251068E0,-8.637488251E0,1.224753113E0,9.695860409E0
8.722701667E0,4.237238617E0,-8.617130585E0,9.714797974E-1,9.651575188E0
8.732658667E0,4.311933289E0,-8.670120392E0,7.816744995E-1,9.714667844E0
8.742615667E0,4.391268311E0,-8.788075104E0,6.216572571E-1,9.843777687E0
8.752572667E0,4.384382629E0,-8.873996429E0,5.387297058E-1,9.912661266E0
8.762530667E0,4.369713135E0,-8.905431061E0,5.891748047E-1,9.937214006E0
8.772488208E0,4.356390839E0,-8.912466431E0,7.607180786E-1,9.949316108E0
8.782445208E0,4.332440643E0,-8.888366547E0,9.045689392E-1,9.929317538E0
8.792402208E0,4.261937256E0,-8.828341370E0,9.017248535E-1,9.844634489E0
8.802360208E0,4.176015930E0,-8.728498993E0,7.854167175E-1,9.707867075E0
8.812317208E0,4.139192505E0,-8.645421753E0,6.869215393E-1,9.609791521E0
8.822274208E0,4.152664490E0,-8.642727356E0,6.694079590E-1,9.611943900E0
8.832231208E0,4.197271729E0,-8.706794128E0,7.333250427E-1,9.693457566E0
8.842188208E0,4.252057800E0,-8.849297791E0,8.692424011E-1,9.856249250E0
8.852146208E0,4.195625153E0,-9.092242584E0,9.455836487E-1,1.005814466E1
8.862103208E0,4.165238342E0,-9.063053284E0,1.051413574E0,1.002963687E1
8.872060208E0,4.200864258E0,-8.884324951E0,1.045725403E0,9.882916167E0
8.882017208E0,4.228556671E0,-8.759334869E0,9.623487854E-1,9.774085843E0
8.891975208E0,4.258045349E0,-8.751401367E0,1.009201355E0,9.784501186E0
8.901932208E0,4.296665039E0,-8.803792419E0,1.119222565E0,9.860058345E0
8.911889208E0,4.300107880E0,-8.846004639E0,1.119372253E0,9.899278766E0
8.921846208E0,4.311334534E0,-8.843908997E0,1.132993927E0,9.903837995E0
8.931804208E0,4.340374146E0,-8.797355804E0,1.164877625E0,9.878727487E0
8.941761208E0,4.399201813E0,-8.726852417E0,1.218615875E0,9.848652413E0
8.951718208E0,4.417912903E0,-8.684939575E0,1.165326691E0,9.813466061E0
8.961675208E0,4.405039673E0,-8.701105957E0,9.768685913E-1,9.801422940E0
8.971633208E0,4.437671814E0,-8.709488525E0,8.493338013E-1,9.811701657E0
8.981590208E0,4.486919403E0,-8.747060394E0,7.755372620E-1,9.861286393E0
8.991547208E0,4.460873566E0,-8.762777710E0,6.737489319E-1,9.855942562E0
9.001504208E0,4.409680023E0,-8.699309692E0,6.896159363E-1,9.777465785E0
9.011462208E0,4.323758698E0,-8.590935059E0,7.502398682E-1,9.646860335E0
9.021419208E0,4.265529785E0,-8.499924316E0,8.783734131E-1,9.550654301E0
9.031376208E0,4.122127991E0,-8.502768402E0,7.027885437E-1,9.475385027E0
9.041333208E0,4.021237793E0,-8.669970703E0,6.084846497E-1,9.576481554E0
9.051291208E0,4.152814178E0,-8.859776001E0,1.261277161E0,9.865714189E0
9.061248208E0,4.210294647E0,-8.956624603E0,1.674418030E0,1.003749874E1
9.071205208E0,4.110003204E0,-8.967102814E0,1.751657410E0,1.001845112E1
9.081162208E0,4.047583008E0,-8.918903046E0,1.778002625E0,9.954448909E0
9.091120208E0,4.036056976E0,-8.866811371E0,1.787732391E0,9.904851685E0
9.101077208E0,4.172573090E0,-8.774453430E0,1.631157990E0,9.852008708E0
9.111034208E0,4.362378387E0,-8.661588135E0,1.313219147E0,9.786623460E0
9.120991208E0,4.500092010E0,-8.661139069E0,9.681866455E-1,9.808340504E0
9.130949208E0,4.458029480E0,-8.766220551E0,5.525010681E-1,9.850172943E0