Data set, Time, Acc_Raw_X, Acc_Raw_Y, Acc_Raw_Z, Gyr_Raw_X, Gyr_Raw_Y, Gyr_Raw_Z
0, 13376,  -9829, 10112, 20930,  0, 0, 0
1, 13509,  -9905, 10963, 22162,  0, 0, 0
2, 13643,  -8798, 10608, 23051,  0, 0, 0
3, 13777,  -6669, 8987, 23064,  0, 0, 0
4, 13911,  -3654, 7157, 22512,  0, 0, 0
5, 14045,  -1115, 5536, 21675,  0, 0, 0
6, 14178,  856, 4145, 20870,  -2450, -1234, 841
7, 14312,  2653, 2767, 20234,  -2452, -1244, 827
8, 14446,  4251, 1382, 19769,  -2423, -1254, 729
9, 14580,  6013, 575, 19706,  -2268, -1197, 643
10, 14714,  7233, 125, 19521,  -2033, -1007, 600
11, 14847,  7539, 104, 19224,  -1764, -667, 559
12, 14981,  6830, 363, 18677,  -1230, 205, 493
13, 15115,  5857, -16, 18719,  -946, 635, 524
14, 15249,  4531, -590, 19056,  -653, 1019, 582
15, 15383,  3040, -186, 20048,  -349, 1343, 650
16, 15517,  1924, -323, 20266,  -98, 1605, 706
17, 15651,  852, -610, 19306,  173, 1821, 761
18, 15784,  91, -322, 18511,  482, 1972, 817
19, 15918,  -323, 682, 17804,  754, 2052, 880
20, 16052,  -717, 1919, 16962,  921, 2091, 935
21, 16186,  -1595, 2886, 16183,  980, 2087, 977
22, 16320,  -2532, 3837, 15716,  952, 2024, 995
23, 16454,  -3149, 4729, 15429,  846, 1887, 1000
24, 16587,  -3652, 5548, 15389,  673, 1693, 1012
25, 16721,  -4117, 6455, 15952,  442, 1438, 1035
26, 16855,  -4964, 8850, 19626,  122, 1077, 1090
27, 16989,  -7406, 11413, 25785,  -448, 458, 1207
28, 17123,  -8813, 10984, 30164,  -1153, -350, 1307
29, 17257,  -8350, 8279, 32229,  -1644, -1221, 1391
30, 17390,  -7304, 4332, 32428,  -1879, -1976, 1453
31, 17524,  -5143, 938, 31505,  -1921, -2530, 1475
32, 17658,  -1674, -417, 30740,  -1812, -2888, 1456
33, 17792,  2435, -926, 29844,  -1365, -3077, 1381
34, 17926,  3550, -1383, 28164,  -1087, -3048, 1352
35, 18060,  4856, -1936, 26235,  -791, -2952, 1329
36, 18193,  6704, -2478, 24491,  -493, -2760, 1304
37, 18327,  8818, -3062, 22624,  -208, -2455, 1279
38, 18461,  10716, -3725, 20763,  85, -2037, 1251
39, 18595,  12145, -3969, 19245,  381, -1531, 1216
40, 18729,  12983, -4002, 17903,  657, -965, 1176
41, 18863,  13094, -3659, 16587,  897, -367, 1135
42, 18996,  12385, -2479, 16162,  1080, 183, 1106
43, 19130,  11919, -2235, 14985,  1189, 640, 1071
44, 19264,  11676, -2318, 13789,  1299, 1087, 1012
45, 19398,  11018, -1828, 13589,  1413, 1527, 945
46, 19532,  10248, -1811, 13135,  1482, 1910, 876
47, 19666,  9097, -1688, 12901,  1520, 2274, 778
48, 19799,  7686, -1606, 12812,  1532, 2572, 683
49, 19933,  6156, -1498, 13041,  1525, 2784, 589
50, 20067,  4561, -1497, 13344,  1504, 2896, 499
51, 20201,  2995, -1603, 13574,  1469, 2919, 402
52, 20335,  1432, -1368, 14170,  1422, 2858, 285
53, 20469,  -117, -699, 14748,  1363, 2718, 153
54, 20602,  -1816, 170, 15174,  1278, 2516, 27
55, 20736,  -4785, 2072, 15335,  1003, 1862, -148
56, 20870,  -5371, 2472, 14937,  823, 1444, -219
57, 21004,  -5359, 2712, 14516,  642, 1030, -279
58, 21138,  -4842, 2878, 14104,  465, 670, -336
59, 21271,  -4108, 2919, 13702,  298, 395, -386
60, 21405,  -3535, 3038, 13338,  161, 214, -422
61, 21539,  -3173, 3173, 13246,  41, 100, -451
62, 21673,  -2739, 3279, 13088,  -72, 23, -468
63, 21806,  -2532, 3429, 13081,  -167, -4, -477
64, 21940,  -2330, 3644, 13377,  -247, 7, -488
65, 22074,  -2439, 3916, 13914,  -321, 52, -490
66, 22208,  -2955, 4349, 14673,  -395, 107, -468
67, 22341,  -3667, 4890, 15587,  -483, 131, -404
68, 22475,  -4141, 5260, 16317,  -577, 118, -307
69, 22609,  -4343, 5202, 17137,  -654, 84, -195
70, 22743,  -4434, 4865, 17943,  -715, 42, -78
71, 22876,  -4577, 4465, 18535,  -764, -4, 41
72, 23010,  -4712, 3879, 19094,  -793, -63, 150
73, 23144,  -4688, 2941, 19461,  -799, -140, 255
74, 23278,  -4423, 2238, 19805,  -772, -222, 356
75, 23412,  -4171, 1729, 20090,  -718, -303, 438
76, 23546,  -3850, 1047, 20161,  -657, -378, 499
77, 23679,  -3621, 320, 20082,  -600, -452, 544
78, 23813,  -2955, -440, 19721,  -478, -607, 557
79, 23947,  -2267, -671, 19349,  -416, -680, 531
80, 24081,  -1664, -857, 18874,  -361, -740, 500
81, 24215,  -1039, -953, 18244,  -321, -784, 464
82, 24349,  -441, -930, 17648,  -291, -821, 434
83, 24482,  6, -932, 16938,  -265, -857, 409
84, 24616,  468, -895, 16409,  -247, -881, 389
85, 24750,  905, -845, 16017,  -251, -902, 370
86, 24884,  1237, -767, 15639,  -281, -922, 350
87, 25018,  1423, -761, 15294,  -333, -929, 325
88, 25152,  1355, -898, 15037,  -392, -935, 299
89, 25285,  1281, -1066, 14917,  -458, -951, 264
90, 25419,  1512, -1289, 14901,  -526, -985, 221
91, 25553,  1778, -1279, 15022,  -588, -1021, 187
92, 25687,  2018, -1303, 15139,  -640, -1049, 159
93, 25821,  2204, -1397, 15333,  -681, -1058, 145
94, 25955,  2343, -1661, 15421,  -700, -1063, 151
95, 26089,  2626, -1868, 15650,  -697, -1054, 161
96, 26222,  3048, -2199, 15801,  -680, -1041, 166
97, 26356,  3417, -2454, 15956,  -648, -1016, 166
98, 26490,  3794, -2544, 16176,  -602, -964, 146
99, 26624,  4609, -3015, 16178,  -506, -800, 91
100, 26758,  4836, -3005, 16276,  -447, -690, 56
101, 26892,  5016, -3102, 16234,  -382, -575, 22
102, 27025,  5098, -3250, 16207,  -312, -445, -17
103, 27159,  5114, -3254, 16261,  -227, -316, -60
104, 27293,  5036, -3101, 16346,  -147, -186, -98
105, 27427,  4863, -2980, 16346,  -72, -60, -127
106, 27561,  4640, -2900, 16303,  0, 57, -155
107, 27694,  4337, -2825, 16266,  69, 164, -181
108, 27828,  3992, -2639, 16355,  135, 256, -196
109, 27962,  3447, -2444, 16341,  192, 333, -195
110, 28096,  2871, -2119, 16336,  241, 399, -190
111, 28229,  2025, -1963, 16176,  286, 437, -178
112, 28363,  1844, -1896, 16345,  320, 435, -187
113, 28497,  1930, -1719, 16155,  323, 426, -191
114, 28631,  2216, -1439, 16008,  330, 427, -184
115, 28764,  2017, -1068, 15959,  345, 436, -176
116, 28898,  1848, -931, 16038,  349, 452, -186
117, 29032,  1868, -888, 15904,  342, 467, -178
118, 29166,  1673, -763, 15827,  338, 476, -166
119, 29299,  1397, -658, 15913,  336, 483, -170
120, 29433,  1244, -682, 15993,  322, 490, -177
121, 29567,  1116, -662, 16004,  308, 491, -181
122, 29701,  772, -368, 16223,  315, 491, -168
123, 29834,  679, -250, 16219,  322, 490, -160
124, 29968,  646, -110, 16224,  336, 491, -147
125, 30102,  613, -53, 16184,  350, 490, -129
126, 30236,  524, -10, 16152,  359, 488, -114
127, 30369,  403, 67, 16122,  364, 484, -104
128, 30503,  337, 92, 16131,  363, 481, -101
129, 30637,  234, 153, 16129,  359, 474, -95
130, 30771,  63, 275, 16261,  356, 467, -85
131, 30905,  -115, 363, 16318,  347, 459, -70
132, 31038,  -331, 458, 16289,  335, 449, -43
133, 31172,  -576, 698, 16297,  329, 432, -6
134, 31306,  -615, 938, 16361,  322, 407, 32
135, 31440,  -448, 999, 16382,  307, 378, 76
136, 31573,  -418, 1021, 16321,  288, 357, 117
137, 31707,  -380, 1036, 16322,  268, 338, 155
138, 31841,  -333, 934, 16353,  249, 313, 186
139, 31975,  -332, 819, 16344,  231, 294, 206
140, 32109,  -250, 762, 16291,  216, 271, 218
141, 32243,  -243, 620, 16319,  206, 256, 218
142, 32377,  -250, 458, 16302,  194, 238, 219
143, 32510,  -260, 181, 16240,  176, 217, 210
144, 32644,  -179, -377, 16231,  162, 175, 148
145, 32778,  -203, -600, 16261,  160, 149, 94
146, 32912,  -245, -800, 16224,  152, 120, 32
147, 33046,  -341, -739, 16299,  142, 98, -39
148, 33180,  -350, -441, 16309,  121, 86, -120
149, 33313,  -280, -299, 16344,  110, 64, -201
150, 33447,  -193, -286, 16332,  113, 27, -262
151, 33581,  -89, -112, 16262,  113, -10, -309
152, 33715,  -112, 165, 16264,  113, -27, -344
153, 33848,  -257, 419, 16154,  98, -35, -358
154, 33982,  -339, 653, 15996,  82, -47, -358
155, 34116,  -428, 877, 15954,  73, -55, -339
156, 34250,  -390, 1101, 15871,  66, -66, -303
157, 34383,  -284, 1245, 15781,  63, -73, -253
158, 34517,  -276, 1368, 15730,  60, -70, -201
159, 34651,  -201, 1455, 15667,  56, -60, -154
160, 34785,  -121, 1539, 15619,  44, -49, -107
161, 34918,  0, 1646, 15634,  27, -34, -55
162, 35052,  34, 1693, 15754,  8, -14, -2
163, 35186,  -26, 1521, 15887,  -9, 4, 51
164, 35320,  -54, 1345, 15989,  -23, 19, 94
165, 35454,  -52, 1196, 16132,  -27, 32, 128
166, 35588,  68, 936, 16260,  -26, 55, 178
167, 35721,  119, 698, 16324,  -22, 63, 197
168, 35855,  113, 458, 16338,  -13, 77, 205
169, 35989,  118, 335, 16368,  1, 87, 204
170, 36123,  164, 235, 16434,  11, 96, 195
171, 36257,  112, 196, 16519,  17, 109, 176
172, 36391,  81, 81, 16447,  15, 123, 154
173, 36524,  118, -26, 16302,  15, 130, 130
174, 36658,  114, -165, 16301,  18, 130, 107
175, 36792,  55, -227, 16338,  20, 124, 85
176, 36926,  -13, -355, 16317,  21, 115, 62
177, 37060,  -79, -429, 16270,  24, 101, 45
178, 37194,  -131, -381, 16369,  26, 87, 26
179, 37328,  -182, -273, 16350,  25, 62, 6
180, 37461,  -136, -239, 16248,  25, 39, -11
181, 37595,  -68, -267, 16216,  22, 13, -25
182, 37729,  10, -143, 16229,  15, -18, -35
183, 37863,  -9, -33, 16289,  7, -39, -38
184, 37996,  -126, -36, 16310,  2, -51, -47
185, 38130,  -130, -128, 16280,  -5, -69, -62
186, 38264,  -89, -245, 16313,  -13, -90, -81
187, 38398,  -83, -213, 16351,  -15, -111, -93
188, 38532,  5, 18, 16401,  -6, -124, -134
189, 38665,  197, 123, 16363,  -1, -129, -149
190, 38799,  336, 260, 16348,  4, -125, -157
191, 38933,  380, 336, 16339,  9, -108, -165
192, 39067,  396, 412, 16240,  20, -94, -166
193, 39200,  435, 506, 16206,  30, -81, -158
194, 39334,  511, 625, 16119,  41, -60, -145
195, 39468,  494, 627, 16061,  49, -41, -123
196, 39602,  401, 656, 15998,  54, -23, -103
197, 39735,  305, 659, 15979,  54, -5, -83
198, 39869,  173, 624, 15929,  54, 5, -67
199, 40003,  179, 627, 15901,  52, 8, -48
200, 40137,  179, 628, 15879,  50, 13, -36
201, 40270,  274, 640, 15847,  50, 19, -28
202, 40404,  324, 692, 15879,  49, 27, -16
203, 40538,  384, 722, 15901,  48, 36, -6
204, 40672,  284, 734, 15910,  44, 47, 10
205, 40806,  215, 734, 15947,  41, 57, 31
206, 40940,  124, 850, 16018,  43, 61, 50
207, 41073,  76, 859, 16127,  39, 68, 65
208, 41207,  74, 777, 16110,  27, 69, 72
209, 41341,  -1, 704, 16156,  12, 64, 73
210, 41475,  92, 453, 16219,  -18, 44, 60
211, 41609,  269, 335, 16275,  -29, 34, 47
212, 41743,  370, 261, 16351,  -34, 19, 36
213, 41876,  370, 202, 16480,  -39, 11, 32
214, 42010,  381, 142, 16528,  -36, 7, 21
215, 42144,  416, 95, 16528,  -33, -2, 6
216, 42278,  550, 74, 16491,  -23, -13, -10
217, 42412,  601, 130, 16454,  -7, -15, -24
218, 42546,  648, 186, 16416,  1, -15, -37
219, 42679,  618, 180, 16362,  9, -7, -49
220, 42813,  566, 213, 16307,  17, 0, -58
221, 42947,  419, 259, 16333,  20, 5, -61
222, 43081,  284, 292, 16294,  19, 4, -60
223, 43214,  265, 349, 16269,  24, -1, -60
224, 43348,  238, 357, 16319,  27, -2, -62
225, 43482,  169, 323, 16280,  27, -5, -60
226, 43616,  121, 316, 16246,  27, -10, -56
227, 43749,  120, 363, 16237,  23, -13, -53
228, 43883,  152, 399, 16192,  24, -13, -50
229, 44017,  211, 455, 16161,  30, -9, -46
230, 44151,  250, 541, 16152,  34, 0, -38
231, 44285,  186, 614, 16045,  34, 7, -24
232, 44418,  -37, 509, 16064,  20, 21, -9
233, 44552,  -59, 528, 16042,  12, 27, -10
234, 44686,  -81, 545, 16160,  8, 24, -13
235, 44820,  -106, 526, 16188,  0, 23, -11
236, 44953,  -129, 520, 16184,  -4, 19, -8
237, 45087,  -133, 488, 16212,  -5, 13, -5
238, 45221,  -97, 476, 16219,  -1, 10, -1
239, 45355,  -12, 434, 16203,  0, 12, 3
240, 45488,  60, 446, 16235,  2, 11, 3
241, 45622,  41, 493, 16267,  2, 12, 3
242, 45756,  2, 464, 16247,  0, 13, 6
243, 45890,  48, 484, 16209,  -5, 11, 5
244, 46024,  67, 536, 16178,  -9, 9, 4
245, 46158,  148, 438, 16174,  -12, 7, 2
246, 46291,  263, 439, 16139,  -14, 5, 3
247, 46425,  307, 469, 16187,  -11, 8, 3
248, 46559,  341, 450, 16207,  -10, 10, 5
249, 46693,  327, 380, 16220,  -11, 18, 6
250, 46827,  323, 374, 16213,  -7, 20, 1
251, 46961,  356, 375, 16232,  -1, 19, -3
252, 47094,  337, 328, 16246,  2, 18, -4
253, 47228,  294, 315, 16273,  5, 16, -3
254, 47362,  211, 287, 16268,  13, 8, -6
255, 47496,  161, 282, 16308,  17, -1, -9
256, 47629,  65, 388, 16342,  22, -12, -14
257, 47763,  68, 431, 16339,  26, -18, -18
258, 47897,  -33, 442, 16223,  33, -22, -16
259, 48031,  -68, 453, 16198,  34, -31, -15
260, 48165,  -37, 497, 16172,  33, -36, -15
261, 48298,  -58, 583, 16175,  24, -39, -14
262, 48432,  -61, 679, 16178,  16, -43, -12
263, 48566,  -29, 716, 16169,  2, -44, -9
264, 48700,  -58, 749, 16162,  -7, -47, 3
265, 48833,  -117, 690, 16168,  -15, -47, 17
266, 48967,  -158, 577, 16116,  -26, -52, 26
267, 49101,  -79, 526, 16090,  -35, -57, 31
268, 49235,  80, 417, 16149,  -42, -65, 33
269, 49369,  166, 371, 16199,  -50, -69, 27
270, 49503,  277, 340, 16200,  -51, -65, 22
271, 49636,  355, 343, 16160,  -49, -57, 13
272, 49770,  419, 264, 16211,  -39, -49, 8
273, 49904,  474, 235, 16209,  -29, -36, 1
274, 50038,  407, 198, 16192,  -18, -19, -5
275, 50172,  418, 217, 16157,  -9, -1, -14
276, 50305,  264, 257, 16210,  15, 23, -31
277, 50439,  185, 336, 16240,  18, 33, -32
278, 50573,  86, 346, 16265,  18, 36, -31
279, 50707,  -72, 363, 16331,  18, 37, -29
280, 50841,  -254, 425, 16376,  18, 35, -19
281, 50974,  -362, 460, 16333,  18, 25, -6
282, 51108,  -316, 502, 16328,  20, 16, 4
283, 51242,  -197, 525, 16308,  19, 1, 12
284, 51376,  -128, 525, 16318,  14, -11, 22
285, 51510,  -87, 505, 16190,  8, -17, 31
286, 51643,  28, 440, 16112,  5, -25, 38
287, 51777,  109, 382, 16104,  0, -24, 41
288, 51911,  166, 359, 16068,  0, -23, 41
289, 52045,  184, 249, 16028,  -2, -22, 40
290, 52179,  246, 151, 16063,  -6, -21, 37
291, 52313,  271, 223, 16126,  -8, -25, 37
292, 52446,  318, 305, 16191,  -3, -28, 30
293, 52580,  362, 348, 16218,  3, -23, 25
294, 52714,  338, 383, 16184,  8, -17, 22
295, 52848,  229, 408, 16268,  8, -9, 18
296, 52982,  104, 369, 16330,  5, -4, 10
297, 53116,  7, 300, 16278,  1, -8, 0
298, 53249,  17, 285, 16434,  -4, -11, -22
299, 53383,  11, 419, 16457,  1, -10, -22
300, 53517,  19, 513, 16383,  8, -15, -20
301, 53651,  -9, 576, 16347,  14, -17, -18
302, 53784,  12, 647, 16322,  20, -20, -14
303, 53918,  42, 687, 16213,  17, -22, -3
304, 54052,  145, 704, 16174,  14, -23, 4
305, 54186,  185, 708, 16131,  11, -23, 6
306, 54320,  201, 642, 16055,  5, -23, 8
307, 54453,  296, 616, 16017,  3, -21, 7
308, 54587,  369, 637, 16005,  -1, -17, 5
309, 54721,  365, 537, 15979,  -4, -13, 4
310, 54855,  420, 489, 15998,  -4, -10, 3
311, 54989,  375, 490, 16032,  -4, -4, -3
312, 55122,  361, 461, 16104,  -2, 1, -4
313, 55256,  288, 506, 16196,  2, 6, -1
314, 55390,  164, 576, 16219,  8, 9, 10
315, 55524,  93, 641, 16245,  11, 7, 25
316, 55658,  17, 696, 16294,  11, 3, 36
317, 55791,  -43, 680, 16326,  8, -1, 44
318, 55925,  -57, 642, 16334,  5, -8, 52
319, 56059,  13, 584, 16346,  -3, -19, 63
320, 56193,  168, 297, 16291,  -16, -36, 63
321, 56327,  295, 292, 16317,  -10, -41, 58
322, 56461,  328, 208, 16308,  -8, -48, 52
323, 56595,  277, 67, 16264,  -2, -50, 42
324, 56728,  343, -48, 16240,  1, -54, 26
325, 56862,  390, -75, 16221,  7, -56, 10
326, 56996,  451, 42, 16197,  16, -59, -8
327, 57130,  526, 161, 16157,  24, -56, -22
328, 57264,  514, 248, 16083,  33, -45, -27
329, 57397,  473, 345, 15954,  38, -33, -29
330, 57531,  464, 396, 15904,  38, -25, -28
331, 57665,  457, 466, 15891,  36, -13, -25
332, 57799,  433, 533, 15962,  31, -1, -24
333, 57932,  374, 574, 16034,  22, 11, -16
334, 58066,  332, 548, 16113,  17, 15, -14
335, 58200,  295, 479, 16229,  9, 21, -13
336, 58334,  235, 506, 16329,  11, 28, -5
337, 58467,  149, 592, 16408,  19, 29, 4
338, 58601,  32, 552, 16492,  21, 34, 13
339, 58735,  -61, 545, 16508,  26, 34, 24
340, 58869,  -83, 561, 16468,  34, 35, 34
341, 59003,  -71, 593, 16429,  45, 31, 44
342, 59137,  -28, 685, 16333,  58, 24, 60
343, 59270,  66, 677, 16212,  61, 27, 60
344, 59404,  76, 661, 16074,  57, 30, 60
345, 59538,  89, 679, 16074,  56, 36, 59
346, 59672,  -14, 658, 16026,  53, 40, 55
347, 59806,  -7, 543, 16011,  43, 42, 47
348, 59940,  25, 517, 16020,  31, 40, 37
349, 60074,  -5, 474, 16040,  22, 38, 29
350, 60207,  34, 488, 16083,  15, 34, 21
351, 60341,  58, 431, 16064,  13, 32, 19
352, 60475,  28, 475, 16156,  6, 35, 16
353, 60609,  -18, 442, 16200,  -1, 37, 12
354, 60743,  -110, 343, 16205,  -10, 34, 9
355, 60877,  -161, 363, 16282,  -12, 26, 8
356, 61011,  -163, 327, 16368,  -11, 18, 10
357, 61144,  -167, 252, 16360,  -13, 7, 15
358, 61278,  -194, 184, 16365,  -11, -10, 25
359, 61412,  -135, 188, 16405,  -4, -28, 28
360, 61546,  -57, 226, 16373,  6, -41, 25
361, 61680,  49, 241, 16298,  22, -49, 15
362, 61814,  173, 256, 16212,  30, -44, 3
363, 61947,  184, 299, 16136,  34, -40, -9
364, 62081,  197, 455, 15966,  45, -32, -26
365, 62215,  203, 585, 15941,  45, -29, -27
366, 62349,  147, 618, 15952,  40, -24, -27
367, 62482,  111, 644, 15978,  32, -22, -22
368, 62616,  57, 716, 16050,  25, -26, -18
369, 62750,  -21, 753, 16138,  13, -28, -11
370, 62884,  -86, 771, 16238,  4, -35, 2
371, 63018,  -152, 773, 16288,  -2, -46, 14
372, 63151,  -90, 790, 16371,  -8, -58, 28
373, 63285,  -21, 778, 16425,  -12, -69, 43
374, 63419,  26, 745, 16428,  -12, -77, 53
375, 63553,  72, 611, 16433,  -9, -80, 60
376, 63687,  128, 542, 16410,  -5, -81, 63
377, 63821,  201, 475, 16348,  1, -79, 61
378, 63955,  252, 466, 16299,  12, -74, 52
379, 64088,  352, 502, 16225,  22, -71, 49
380, 64222,  347, 526, 16179,  30, -60, 42
381, 64356,  313, 588, 16072,  39, -51, 32
382, 64490,  298, 626, 15973,  48, -39, 23
383, 64624,  257, 637, 15915,  46, -31, 18
384, 64758,  220, 694, 15821,  42, -25, 14
385, 64891,  216, 731, 15786,  34, -25, 16
386, 65025,  121, 802, 15713,  11, -29, 20
387, 65159,  123, 807, 15753,  -1, -34, 25
388, 65293,  173, 743, 15730,  -16, -34, 28
389, 65427,  253, 758, 15760,  -30, -36, 34
390, 25,  366, 768, 15813,  -44, -40, 38
391, 158,  448, 723, 15953,  -61, -36, 37
392, 292,  467, 656, 16149,  -74, -34, 37
393, 426,  442, 615, 16291,  -87, -31, 35
394, 560,  398, 514, 16480,  -92, -34, 32
395, 694,  377, 463, 16716,  -92, -37, 23
396, 828,  424, 412, 16896,  -80, -38, 14
397, 961,  427, 441, 17063,  -63, -38, 8
398, 1095,  328, 435, 17104,  -42, -37, 4
399, 1229,  314, 411, 17134,  -24, -33, 2
400, 1363,  296, 379, 17078,  -1, -34, 0
401, 1497,  261, 326, 16967,  22, -32, -5
402, 1631,  318, 324, 16778,  38, -27, -11
403, 1764,  368, 352, 16550,  52, -16, -16
404, 1898,  374, 366, 16389,  65, -9, -17
405, 2032,  388, 387, 16234,  69, -9, -21
406, 2166,  301, 335, 16129,  68, -9, -22
407, 2299,  294, 299, 16027,  60, -16, -28
408, 2433,  306, 370, 15928,  33, -42, -39
409, 2567,  406, 408, 15939,  21, -60, -41
410, 2701,  448, 412, 15910,  6, -76, -40
411, 2834,  450, 357, 15893,  -10, -89, -39
412, 2968,  540, 342, 15981,  -24, -105, -41
413, 3102,  684, 321, 15963,  -32, -117, -45
414, 3236,  790, 349, 16010,  -41, -128, -46
415, 3369,  839, 337, 16129,  -46, -125, -47
416, 3503,  862, 309, 16159,  -44, -114, -46
417, 3637,  832, 260, 16171,  -36, -102, -43
418, 3771,  833, 271, 16173,  -22, -88, -39
419, 3905,  855, 244, 16158,  -6, -68, -40
420, 4038,  830, 247, 16129,  14, -44, -47
421, 4172,  822, 283, 16070,  34, -17, -52
422, 4306,  746, 439, 16000,  50, 10, -64
423, 4440,  704, 594, 15845,  65, 36, -76
424, 4573,  663, 693, 15720,  82, 52, -83
425, 4707,  600, 857, 15664,  88, 66, -85
426, 4841,  486, 981, 15550,  84, 74, -85
427, 4975,  361, 1069, 15466,  76, 75, -88
428, 5108,  355, 1183, 15442,  61, 77, -92
429, 5242,  306, 1315, 15464,  43, 71, -87
430, 5376,  220, 1485, 15635,  6, 48, -70
431, 5510,  172, 1506, 15755,  -15, 34, -60
432, 5643,  161, 1460, 15957,  -38, 24, -49
433, 5777,  144, 1442, 16191,  -56, 10, -38
434, 5911,  194, 1356, 16337,  -68, -4, -28
435, 6045,  244, 1299, 16488,  -72, -9, -23
436, 6179,  347, 1224, 16648,  -70, -8, -19
437, 6312,  344, 1032, 16668,  -60, -5, -15
438, 6446,  355, 932, 16703,  -52, -3, -10
439, 6580,  374, 929, 16749,  -40, 10, -8
440, 6714,  349, 931, 16763,  -25, 19, -9
441, 6847,  343, 925, 16705,  -14, 21, -12
442, 6981,  354, 923, 16670,  -8, 26, -12
443, 7115,  328, 854, 16623,  -4, 30, -11
444, 7249,  389, 785, 16575,  -1, 26, -7
445, 7382,  371, 658, 16487,  -1, 21, -11
446, 7516,  388, 532, 16440,  5, 21, -15
447, 7650,  460, 425, 16413,  15, 24, -17
448, 7784,  477, 344, 16355,  26, 25, -19
449, 7918,  510, 265, 16309,  35, 38, -22
450, 8051,  506, 198, 16246,  49, 51, -28
451, 8185,  398, 77, 16201,  57, 62, -30
452, 8319,  379, 31, 16212,  66, 66, -35
453, 8453,  248, 60, 16189,  80, 73, -44
454, 8586,  121, 90, 16247,  82, 74, -49
455, 8720,  47, 85, 16113,  78, 71, -50
456, 8854,  11, 63, 16076,  78, 69, -48
457, 8988,  -24, 121, 16085,  89, 68, -43
458, 9121,  -53, 247, 16130,  103, 70, -39
459, 9255,  -61, 294, 16010,  108, 75, -35
460, 9389,  -56, 304, 15903,  109, 80, -28
461, 9523,  -38, 359, 15834,  112, 84, -23
462, 9656,  -146, 411, 15797,  121, 83, -19
463, 9790,  -163, 506, 15768,  116, 78, -17
464, 9924,  -149, 579, 15720,  106, 77, -13
465, 10058,  2, 611, 15746,  95, 74, -12
466, 10192,  18, 644, 15814,  90, 72, -5
467, 10325,  33, 696, 15909,  79, 77, 1
468, 10459,  130, 660, 16204,  77, 92, 3
469, 10593,  106, 530, 16666,  90, 129, 12
470, 10727,  -196, 486, 17085,  131, 174, 31
471, 10861,  -728, 514, 17258,  185, 213, 61
472, 10995,  -1112, 692, 17467,  237, 228, 88
473, 11128,  -1202, 964, 17554,  293, 226, 111
474, 11262,  -1199, 1240, 17564,  355, 221, 131
475, 11396,  -1100, 1460, 17282,  441, 234, 175
476, 11530,  -1155, 1520, 16992,  465, 253, 190
477, 11664,  -1168, 1536, 16661,  477, 255, 206
478, 11798,  -1106, 1633, 16317,  483, 251, 214
479, 11931,  -1051, 1785, 16115,  480, 249, 225
480, 12065,  -1103, 2011, 16015,  460, 247, 231
481, 12199,  -1266, 2229, 15894,  422, 245, 249
482, 12333,  -1525, 2391, 15911,  364, 237, 271
483, 12467,  -1875, 2682, 16318,  305, 211, 299
484, 12601,  -2352, 2997, 17084,  232, 170, 338
485, 12735,  -2780, 2872, 18203,  157, 112, 397
486, 12868,  -3214, 2524, 19349,  99, 33, 476
487, 13002,  -3544, 1955, 20067,  64, -73, 569
488, 13136,  -3538, 1141, 20696,  75, -200, 651
489, 13270,  -3459, -135, 21253,  139, -312, 715
490, 13404,  -3384, -1033, 21595,  267, -383, 769
491, 13538,  -3506, -1585, 21876,  458, -395, 820
492, 13671,  -3535, -1579, 21931,  700, -370, 860
493, 13805,  -3513, -935, 21835,  964, -306, 899
494, 13939,  -3489, 41, 21710,  1215, -212, 938
495, 14073,  -3641, 1214, 21544,  1420, -104, 992
496, 14207,  -3986, 2484, 21338,  1561, -10, 1045
497, 14341,  -4844, 4720, 21041,  1654, 49, 1158
498, 14474,  -5320, 5888, 21022,  1619, 15, 1231
499, 14608,  -5824, 6600, 20666,  1525, -61, 1323
500, 14742,  -6208, 7725, 20134,  1376, -189, 1435
501, 14876,  -6207, 8142, 19313,  1183, -341, 1529
502, 15010,  -5896, 7866, 18420,  946, -531, 1622
503, 15144,  -5310, 6786, 17027,  678, -756, 1719
504, 15277,  -4502, 5794, 16541,  393, -1072, 1798
505, 15411,  -3687, 5311, 17079,  137, -1382, 1821
506, 15545,  -2376, 4731, 17642,  -51, -1619, 1760
507, 15679,  -723, 3938, 18270,  -152, -1754, 1650
508, 15813,  732, 3013, 18780,  -165, -1780, 1514
509, 15946,  1719, 2198, 19051,  -101, -1710, 1390
510, 16080,  2377, 1724, 19065,  26, -1578, 1277
511, 16214,  2806, 1632, 19065,  200, -1414, 1168
512, 16348,  3024, 1974, 19405,  396, -1228, 1077
513, 16482,  2887, 2371, 20160,  602, -1025, 1010
514, 16616,  2513, 2730, 20917,  816, -821, 985
515, 16749,  1963, 3706, 21497,  1049, -628, 998
516, 16883,  1225, 4567, 21627,  1272, -474, 1020
517, 17017,  695, 5220, 21630,  1460, -382, 1054
518, 17151,  475, 5755, 21484,  1606, -334, 1091
519, 17285,  298, 5611, 20960,  1751, -318, 1185
520, 17419,  600, 5982, 20649,  1797, -326, 1257
521, 17552,  1174, 6624, 20398,  1848, -329, 1285
522, 17686,  2324, 8016, 20285,  1886, -310, 1270
523, 17820,  2670, 8230, 19680,  1916, -266, 1165
524, 17954,  2499, 7562, 19442,  1883, -242, 1142
525, 18088,  2179, 7404, 19060,  1853, -228, 1166
526, 18222,  2054, 7842, 19045,  1790, -225, 1197
527, 18355,  2215, 8270, 19432,  1741, -233, 1166
528, 18489,  2048, 7928, 20002,  1681, -250, 1131
529, 18623,  2421, 8276, 20708,  1655, -275, 1111
530, 18757,  2352, 8364, 21079,  1650, -298, 1055
531, 18891,  2046, 7596, 21447,  1631, -347, 1023
532, 19025,  1872, 6978, 21794,  1634, -407, 1026
533, 19158,  1714, 6564, 22132,  1656, -447, 1021
534, 19292,  1630, 6119, 22621,  1706, -471, 1002
535, 19426,  1559, 5697, 22905,  1787, -493, 994
536, 19560,  1605, 5395, 22837,  1903, -508, 1002
537, 19694,  1757, 5206, 22586,  2045, -514, 1019
538, 19828,  1958, 5265, 22210,  2201, -515, 1039
539, 19961,  2252, 5572, 21575,  2337, -507, 1057
540, 20095,  2551, 6022, 20742,  2448, -501, 1069
541, 20229,  3325, 6898, 19335,  2528, -495, 1069
542, 20363,  3642, 7268, 18822,  2503, -491, 1070
543, 20497,  3990, 7641, 18526,  2454, -499, 1079
544, 20630,  4255, 7929, 18415,  2395, -498, 1093
545, 20764,  4587, 7914, 18323,  2329, -482, 1108
546, 20898,  4873, 7915, 18433,  2274, -454, 1128
547, 21032,  5193, 7660, 18378,  2229, -429, 1143
548, 21166,  5528, 7015, 18186,  2199, -408, 1162
549, 21300,  5953, 6822, 18076,  2197, -373, 1163
550, 21433,  6325, 6618, 18084,  2217, -326, 1131
551, 21567,  6602, 6460, 18155,  2261, -265, 1085
552, 21701,  7020, 6511, 18261,  2337, -209, 1033
553, 21835,  7119, 5936, 18188,  2444, -157, 963
554, 21969,  6951, 5737, 18211,  2573, -96, 911
555, 22103,  6753, 5909, 18095,  2712, -41, 848
556, 22236,  6445, 6054, 17797,  2841, 0, 767
557, 22370,  6228, 6294, 17454,  2954, 18, 698
558, 22504,  6178, 6697, 17065,  3051, 16, 636
559, 22638,  6192, 7388, 16662,  3119, 6, 569
560, 22772,  5934, 7874, 16342,  3148, -9, 505
561, 22906,  5689, 8201, 16004,  3145, -30, 459
562, 23039,  5534, 8498, 15868,  3118, -54, 426
563, 23173,  5564, 9067, 15755,  3059, -103, 412
564, 23307,  5628, 9154, 15548,  3033, -125, 428
565, 23441,  5637, 9233, 15341,  3011, -134, 452
566, 23575,  5525, 9118, 15103,  2999, -136, 479
567, 23709,  5581, 8923, 14878,  3010, -128, 509
568, 23842,  5949, 8953, 14451,  3047, -106, 537
569, 23976,  6317, 8983, 13904,  3095, -58, 564
570, 24110,  6543, 9170, 13395,  3152, 6, 593
571, 24244,  6770, 9404, 12807,  3194, 68, 617
572, 24378,  6967, 9670, 12280,  3220, 130, 637
573, 24512,  6920, 10006, 11939,  3230, 191, 648
574, 24646,  6920, 10080, 11668,  3214, 239, 656
575, 24779,  6947, 10066, 11384,  3190, 274, 664
576, 24913,  6894, 9914, 11259,  3157, 296, 668
577, 25047,  6832, 9564, 11330,  3121, 317, 657
578, 25181,  6844, 9118, 11420,  3098, 332, 634
579, 25315,  6842, 8572, 11542,  3101, 347, 599
580, 25449,  6541, 8111, 11665,  3120, 365, 546
581, 25582,  6145, 7772, 11722,  3156, 388, 479
582, 25716,  5856, 7773, 11769,  3214, 416, 411
583, 25850,  5505, 8024, 11754,  3269, 454, 361
584, 25984,  4402, 8738, 11467,  3402, 495, 317
585, 26118,  3821, 9036, 11254,  3471, 480, 322
586, 26252,  3585, 9396, 10935,  3527, 436, 339
587, 26385,  3727, 9853, 10540,  3559, 387, 361
588, 26519,  3964, 10283, 9897,  3569, 345, 383
589, 26653,  4028, 10636, 9085,  3544, 315, 412
590, 26787,  4411, 11179, 8222,  3504, 275, 451
591, 26921,  4987, 11339, 7301,  3472, 226, 466
592, 27055,  5854, 10948, 6602,  3428, 193, 469
593, 27188,  6689, 10555, 5787,  3378, 205, 472
594, 27322,  7182, 10697, 5061,  3341, 277, 479
595, 27456,  7769, 11508, 4265,  3326, 387, 450
596, 27590,  7868, 11149, 3706,  3315, 503, 388
597, 27724,  7813, 11028, 3401,  3304, 642, 356
598, 27858,  7689, 11304, 3116,  3298, 800, 320
599, 27992,  7321, 11541, 3029,  3282, 956, 276
600, 28125,  6475, 11962, 2927,  3243, 1090, 248
601, 28259,  5271, 12301, 2824,  3191, 1165, 239
602, 28393,  4170, 12541, 3015,  3118, 1168, 245
603, 28527,  3700, 12858, 3203,  3028, 1124, 258
604, 28661,  3611, 13095, 3241,  2931, 1061, 273
605, 28795,  3432, 13368, 3228,  2844, 991, 311
606, 28928,  3012, 13426, 3005,  2713, 848, 395
607, 29062,  3117, 13222, 2647,  2663, 775, 430
608, 29196,  3301, 13080, 2254,  2630, 718, 459
609, 29330,  3178, 12935, 1967,  2616, 692, 495
610, 29464,  2907, 12921, 1724,  2623, 671, 538
611, 29598,  2746, 12886, 1502,  2649, 649, 579
612, 29731,  2686, 12686, 1261,  2689, 638, 628
613, 29865,  2785, 12445, 1058,  2745, 642, 691
614, 29999,  3247, 13084, 947,  2821, 665, 750
615, 30133,  3810, 12700, 541,  2904, 705, 767
616, 30267,  4362, 11867, 167,  2981, 782, 807
617, 30401,  5157, 11673, -114,  3082, 900, 867
618, 30534,  5832, 11401, -309,  3201, 1036, 923
619, 30668,  6489, 11172, -326,  3335, 1194, 988
620, 30802,  7029, 10904, -251,  3469, 1353, 1048
621, 30936,  7100, 9892, -119,  3584, 1503, 1078
622, 31070,  7438, 10194, -326,  3677, 1630, 1057
623, 31204,  7298, 10608, -633,  3753, 1759, 1038
624, 31337,  6829, 10742, -933,  3820, 1846, 1024
625, 31471,  6411, 10620, -1207,  3884, 1883, 1013
626, 31605,  6050, 10733, -1373,  3945, 1890, 997
627, 31739,  5671, 10947, -1680,  3972, 1871, 978
628, 31873,  4776, 12154, -2447,  3923, 1748, 987
629, 32007,  4305, 12626, -2691,  3833, 1648, 1034
630, 32140,  4330, 12988, -2883,  3715, 1525, 1103
631, 32274,  4705, 13272, -2834,  3577, 1388, 1178
632, 32408,  5164, 13283, -2780,  3422, 1237, 1257
633, 32542,  5617, 12808, -2664,  3263, 1093, 1330
634, 32676,  6064, 11983, -2495,  3116, 950, 1380
635, 32810,  6428, 10938, -2338,  2994, 808, 1396
636, 32943,  6876, 10023, -2329,  2896, 661, 1387
637, 33077,  7467, 9272, -2506,  2821, 537, 1354
638, 33211,  7911, 8537, -2770,  2780, 455, 1296
639, 33345,  8264, 8030, -3159,  2775, 397, 1224
640, 33479,  8449, 7941, -3742,  2777, 375, 1136
641, 33613,  8711, 7948, -4354,  2777, 375, 1053
642, 33746,  9020, 8024, -4854,  2771, 396, 981
643, 33880,  9272, 8290, -5252,  2760, 437, 928
644, 34014,  9284, 8516, -5566,  2733, 498, 894
645, 34148,  9285, 8565, -5651,  2688, 570, 872
646, 34282,  9309, 8485, -5566,  2649, 636, 871
647, 34416,  9218, 8335, -5375,  2616, 685, 887
648, 34549,  8968, 8024, -5103,  2584, 709, 910
649, 34683,  8686, 7548, -4759,  2561, 710, 929
650, 34817,  8525, 6623, -4543,  2531, 655, 942
651, 34951,  8439, 5952, -4527,  2531, 616, 944
652, 35085,  8346, 5352, -4688,  2545, 580, 942
653, 35219,  8470, 4902, -4813,  2570, 567, 932
654, 35352,  8478, 4576, -4917,  2607, 567, 918
655, 35486,  8487, 4540, -5080,  2655, 576, 910
656, 35620,  8421, 4571, -5402,  2700, 605, 909
657, 35754,  8340, 4764, -5715,  2734, 645, 925
658, 35888,  8504, 5132, -5957,  2757, 677, 953
659, 36022,  8866, 5540, -6229,  2762, 713, 992
660, 36155,  8911, 5873, -6483,  2741, 773, 1046
661, 36289,  8635, 6026, -6600,  2706, 844, 1116
662, 36423,  8353, 6036, -6487,  2663, 893, 1188
663, 36557,  8078, 6033, -6289,  2604, 925, 1257
664, 36691,  7777, 5973, -6108,  2529, 944, 1328
665, 36825,  7346, 5782, -5839,  2440, 948, 1392
666, 36958,  6826, 5257, -5619,  2343, 918, 1451
667, 37092,  6397, 4588, -5453,  2253, 862, 1499
668, 37226,  6120, 3958, -5246,  2173, 796, 1533
669, 37360,  5993, 3261, -5028,  2112, 723, 1550
670, 37494,  5870, 2533, -4889,  2074, 650, 1558
671, 37628,  5771, 1876, -4851,  2057, 587, 1560
672, 37761,  5686, 1494, -5009,  2073, 487, 1544
673, 37895,  5802, 1790, -5111,  2089, 442, 1546
674, 38029,  6065, 2196, -5238,  2090, 392, 1565
675, 38163,  6377, 2472, -5429,  2067, 352, 1603
676, 38297,  6694, 2507, -5624,  2024, 332, 1659
677, 38431,  6944, 2503, -5803,  1970, 324, 1727
678, 38564,  7067, 2397, -5876,  1903, 325, 1798
679, 38698,  7123, 2097, -5847,  1830, 320, 1877
680, 38832,  6988, 1501, -5847,  1763, 296, 1970
681, 38966,  7053, 632, -5862,  1712, 256, 2050
682, 39100,  7437, -213, -5862,  1675, 208, 2114
683, 39234,  7829, -834, -5989,  1647, 171, 2172
684, 39367,  8035, -1530, -6173,  1626, 148, 2218
685, 39501,  8072, -2261, -6427,  1626, 131, 2260
686, 39635,  8359, -3092, -6759,  1644, 116, 2282
687, 39769,  8836, -3798, -7126,  1683, 108, 2282
688, 39903,  9358, -4055, -7340,  1726, 106, 2264
689, 40037,  9668, -4283, -7550,  1755, 103, 2236
690, 40170,  9947, -4588, -7714,  1778, 107, 2191
691, 40304,  10192, -4676, -7936,  1802, 108, 2130
692, 40438,  10449, -4524, -8020,  1817, 107, 2066
693, 40572,  10568, -4314, -7990,  1813, 111, 2004
694, 40706,  10443, -4092, -7847,  1749, 94, 1905
695, 40840,  10433, -3921, -7680,  1690, 71, 1872
696, 40973,  10263, -3733, -7702,  1616, 45, 1860
697, 41107,  10031, -3658, -7628,  1526, 18, 1863
698, 41241,  9624, -3742, -7546,  1437, -21, 1884
699, 41375,  9285, -3978, -7536,  1349, -80, 1923
700, 41509,  9293, -4482, -7535,  1272, -158, 1973
701, 41642,  9338, -5211, -7520,  1212, -238, 2030
702, 41776,  9544, -5952, -7374,  1177, -308, 2079
703, 41910,  9711, -6774, -7270,  1160, -351, 2112
704, 42044,  9841, -7619, -7239,  1167, -380, 2134
705, 42178,  9928, -8300, -7173,  1194, -404, 2144
706, 42312,  10069, -8720, -7041,  1234, -434, 2139
707, 42445,  10273, -9037, -6942,  1271, -466, 2116
708, 42579,  10462, -9274, -6920,  1295, -484, 2084
709, 42713,  10571, -9440, -7025,  1312, -505, 2046
710, 42847,  10664, -9470, -7189,  1318, -533, 1986
711, 42981,  10657, -9517, -7347,  1310, -570, 1916
712, 43115,  10510, -9602, -7490,  1286, -610, 1855
713, 43248,  10326, -9639, -7573,  1250, -662, 1799
714, 43382,  10233, -9593, -7631,  1205, -720, 1747
715, 43516,  10110, -9505, -7741,  1140, -784, 1701
716, 43650,  10120, -10013, -8227,  978, -951, 1640
717, 43784,  10408, -10387, -8394,  900, -1055, 1611
718, 43918,  10810, -10663, -8437,  836, -1146, 1586
719, 44051,  11241, -11042, -8626,  783, -1209, 1574
720, 44185,  11781, -11411, -8908,  748, -1226, 1562
721, 44319,  12242, -11615, -9200,  734, -1195, 1547
722, 44453,  12508, -11631, -9539,  733, -1120, 1522
723, 44587,  12416, -11442, -9911,  724, -1012, 1493
724, 44721,  12074, -10945, -10431,  674, -903, 1466
725, 44854,  11581, -10397, -10786,  576, -831, 1458
726, 44988,  10849, -9964, -10910,  442, -822, 1467
727, 45122,  9991, -10076, -11050,  276, -875, 1482
728, 45256,  9506, -10526, -11418,  98, -992, 1481
729, 45390,  9297, -10997, -11920,  -78, -1147, 1481
730, 45524,  9096, -12317, -12447,  -254, -1334, 1478
731, 45658,  9674, -13786, -12962,  -411, -1544, 1437
732, 45791,  10892, -14599, -13453,  -531, -1738, 1339
733, 45925,  12887, -14640, -14199,  -621, -1877, 1214
734, 46059,  13972, -14753, -14905,  -670, -1914, 1107
735, 46193,  14440, -15431, -15686,  -683, -1885, 988
736, 46327,  15245, -15769, -16358,  -680, -1826, 851
737, 46461,  16007, -15637, -16892,  -675, -1740, 696
738, 46594,  15794, -14818, -17582,  -663, -1491, 394
739, 46728,  15047, -14205, -18048,  -658, -1371, 269
740, 46862,  14084, -13651, -18485,  -672, -1288, 164
741, 46996,  13579, -13290, -18703,  -710, -1241, 76
742, 47130,  13375, -12942, -18853,  -764, -1192, 7
743, 47264,  13414, -12761, -19124,  -819, -1141, -39
744, 47397,  13529, -12830, -19588,  -859, -1077, -71
745, 47531,  13923, -12661, -20103,  -886, -984, -100
746, 47665,  14289, -12486, -20578,  -900, -847, -127
747, 47799,  14626, -12670, -20797,  -914, -681, -166
748, 47932,  14765, -12466, -20852,  -929, -517, -209
749, 48066,  14448, -12364, -21002,  -972, -359, -261
750, 48200,  14249, -12452, -21099,  -1020, -219, -327
751, 48334,  14173, -12241, -20940,  -1069, -92, -400
752, 48468,  13809, -11658, -20322,  -1146, 9, -468
753, 48601,  13124, -11294, -19823,  -1266, 80, -538
754, 48735,  12400, -11127, -19633,  -1408, 84, -616
755, 48869,  12034, -11025, -19414,  -1559, 22, -706
756, 49003,  11877, -10946, -19153,  -1721, -77, -810
757, 49136,  11776, -10869, -18957,  -1889, -188, -919
758, 49270,  11664, -10798, -18632,  -2048, -284, -1030
759, 49404,  11690, -10721, -18366,  -2188, -356, -1140
760, 49538,  11859, -10412, -17901,  -2431, -449, -1325
761, 49671,  11809, -10191, -17538,  -2546, -475, -1410
762, 49805,  11613, -10213, -17163,  -2645, -486, -1489
763, 49939,  11363, -10412, -16887,  -2730, -486, -1562
764, 50073,  11119, -10454, -16608,  -2801, -484, -1632
765, 50206,  10870, -10321, -16231,  -2854, -473, -1699
766, 50340,  10546, -10099, -15838,  -2888, -451, -1756
767, 50474,  10125, -9752, -15278,  -2914, -435, -1790
768, 50607,  9705, -9451, -14654,  -2936, -431, -1813
769, 50741,  9402, -9034, -14181,  -2948, -438, -1827
770, 50875,  9273, -8441, -13657,  -2952, -460, -1823
771, 51009,  9219, -7735, -13131,  -2964, -481, -1811
772, 51142,  9158, -7099, -12657,  -2990, -501, -1786
773, 51276,  8915, -6671, -12290,  -3021, -533, -1752
774, 51410,  8662, -6602, -12016,  -3066, -594, -1719
775, 51544,  8688, -6534, -11710,  -3112, -676, -1697
776, 51677,  8880, -6323, -11451,  -3168, -771, -1680
777, 51811,  9031, -6305, -11335,  -3229, -865, -1663
778, 51945,  9242, -6524, -11232,  -3285, -959, -1652
779, 52079,  9663, -6808, -11200,  -3331, -1038, -1658
780, 52212,  10332, -7077, -11447,  -3359, -1089, -1685
781, 52346,  10949, -7220, -11854,  -3373, -1095, -1744
782, 52480,  11834, -6637, -12261,  -3397, -951, -1904
783, 52614,  11823, -6082, -12242,  -3404, -805, -1963
784, 52747,  11524, -5501, -11921,  -3402, -640, -2005
785, 52881,  10856, -5080, -11318,  -3389, -473, -2033
786, 53015,  9857, -4802, -10674,  -3368, -331, -2036
787, 53149,  8648, -4837, -9766,  -3336, -239, -2029
788, 53282,  7639, -4571, -8682,  -3308, -197, -2029
789, 53416,  6589, -4312, -7504,  -3274, -214, -2025
790, 53550,  5384, -3890, -6427,  -3236, -313, -2025
791, 53684,  4361, -3066, -5683,  -3217, -480, -2006
792, 53817,  3649, -2305, -5250,  -3238, -710, -1959
793, 53951,  3557, -1696, -4983,  -3295, -998, -1891
794, 54085,  4050, -1151, -5361,  -3384, -1312, -1825
795, 54219,  4788, -1141, -6145,  -3513, -1601, -1779
796, 54352,  5727, -675, -7059,  -3663, -1833, -1774
797, 54486,  6913, -373, -8046,  -3817, -2007, -1861
798, 54620,  7863, -470, -8891,  -3964, -2102, -2012
799, 54754,  8548, -309, -9134,  -4068, -2125, -2186
800, 54887,  8926, -128, -8995,  -4138, -2061, -2386
801, 55021,  8808, 162, -8506,  -4176, -1928, -2593
802, 55155,  8059, 330, -7675,  -4186, -1757, -2804
803, 55289,  7200, 787, -6840,  -4147, -1599, -2998
804, 55422,  5851, 1499, -6091,  -4109, -1456, -3177
805, 55556,  2672, 3008, -4581,  -4064, -1397, -3458
806, 55690,  972, 4091, -3968,  -4059, -1483, -3495
807, 55824,  -530, 5393, -3535,  -4094, -1635, -3453
808, 55957,  -1737, 6691, -3427,  -4172, -1847, -3333
809, 56091,  -2362, 7556, -3795,  -4287, -2105, -3155
810, 56225,  -1990, 8099, -4467,  -4428, -2375, -2959
811, 56359,  -1128, 8212, -5071,  -4585, -2584, -2760
812, 56492,  -82, 7912, -5343,  -4737, -2700, -2577
813, 56626,  1018, 7302, -5295,  -4846, -2726, -2422
814, 56760,  1904, 6455, -4962,  -4893, -2675, -2318
815, 56894,  2388, 5890, -4564,  -4868, -2557, -2281
816, 57027,  2363, 5517, -4104,  -4790, -2368, -2290
817, 57161,  2005, 5358, -3715,  -4683, -2135, -2315
818, 57295,  1619, 5456, -3360,  -4555, -1887, -2341
819, 57429,  1199, 5841, -2892,  -4417, -1641, -2364
820, 57562,  552, 6344, -2314,  -4282, -1410, -2381
821, 57696,  -434, 6912, -1647,  -4155, -1214, -2383
822, 57830,  -1776, 7001, -868,  -4035, -1076, -2371
823, 57964,  -2708, 7543, -232,  -3934, -1014, -2359
824, 58097,  -3426, 8290, -1,  -3879, -1000, -2324
825, 58231,  -4220, 8933, 52,  -3885, -1031, -2256
826, 58365,  -4877, 9520, -108,  -3943, -1123, -2159
827, 58499,  -4797, 9805, -101,  -4161, -1444, -1919
828, 58632,  -3624, 9589, -326,  -4294, -1576, -1783
829, 58766,  -2161, 9262, -567,  -4405, -1632, -1669
830, 58900,  -816, 8852, -759,  -4505, -1627, -1622
831, 59034,  -98, 8438, -767,  -4588, -1580, -1640
832, 59167,  -99, 7866, -353,  -4651, -1506, -1714
833, 59301,  -599, 7317, 423,  -4685, -1402, -1802
834, 59435,  -1111, 7092, 1355,  -4685, -1288, -1878
835, 59569,  -1623, 7049, 2275,  -4657, -1179, -1946
836, 59702,  -2189, 7112, 3132,  -4607, -1084, -1994
837, 59836,  -2954, 7323, 3985,  -4551, -1007, -2024
838, 59970,  -4042, 7564, 4684,  -4500, -942, -2017
839, 60104,  -5354, 7797, 5447,  -4466, -916, -1962
840, 60237,  -6850, 7976, 6170,  -4450, -937, -1859
841, 60371,  -8346, 8040, 6735,  -4470, -1019, -1711
842, 60505,  -9312, 8111, 6977,  -4530, -1179, -1512
843, 60639,  -9366, 8216, 7011,  -4632, -1409, -1280
844, 60772,  -8253, 8398, 6859,  -4781, -1676, -1046
845, 60906,  -5536, 7745, 7022,  -4971, -1922, -838
846, 61040,  -1341, 6124, 7758,  -5110, -2050, -725
847, 61174,  1149, 6275, 5974,  -5139, -2057, -789
848, 61307,  1783, 5568, 4274,  -5229, -2116, -974
849, 61441,  2426, 586, 8574,  -5269, -1843, -1095
850, 61575,  3451, 238, 9816,  -5044, -1525, -1163
851, 61709,  3999, 13, 10160,  -4741, -1175, -1309
852, 61842,  3338, -454, 10211,  -4395, -777, -1469
853, 61976,  2186, -504, 10430,  -3991, -377, -1598
854, 62110,  852, 135, 10841,  -3586, 0, -1676
855, 62244,  -1174, 1249, 11285,  -3264, 320, -1709
856, 62377,  -3557, 2458, 11583,  -3072, 523, -1725
857, 62511,  -5804, 3523, 11692,  -3012, 581, -1743
858, 62645,  -7426, 4254, 11674,  -3051, 505, -1742
859, 62779,  -8116, 4952, 11784,  -3151, 329, -1712
860, 62912,  -8408, 5288, 11988,  -3312, 116, -1687
861, 63046,  -8281, 5156, 12135,  -3522, -95, -1699
862, 63180,  -8078, 4807, 12203,  -3730, -277, -1760
863, 63314,  -7597, 4057, 12344,  -3902, -432, -1846
864, 63448,  -6862, 3039, 12415,  -4008, -547, -1928
865, 63581,  -5969, 2127, 12381,  -4030, -597, -2004
866, 63715,  -5266, 1649, 12471,  -3974, -560, -2067
867, 63849,  -4983, 1382, 12546,  -3861, -450, -2099
868, 63983,  -5236, 1116, 12568,  -3696, -277, -2094
869, 64116,  -5879, 990, 12563,  -3482, -63, -2033
870, 64250,  -6880, 1379, 12658,  -3240, 175, -1907
871, 64384,  -9849, 4076, 13357,  -2855, 579, -1505
872, 64518,  -11744, 5837, 13933,  -2826, 678, -1243
873, 64651,  -13584, 7175, 14401,  -2962, 675, -967
874, 64785,  -14768, 7778, 14982,  -3276, 566, -704
875, 64919,  -15196, 7281, 15552,  -3733, 386, -491
876, 65053,  -14940, 5524, 16637,  -4243, 172, -377
877, 65186,  -14046, 2969, 18177,  -4686, -25, -349
878, 65320,  -12645, 257, 19651,  -4967, -132, -347
879, 65454,  -10920, -2033, 20941,  -5045, -142, -360
880, 52,  -9744, -4094, 22348,  -4956, -69, -388
881, 185,  -10049, -5114, 23672,  -4748, 75, -420
882, 319,  -11365, -5183, 24947,  -4451, 244, -487
883, 453,  -12943, -5303, 25875,  -4100, 371, -531
884, 587,  -14520, -4747, 26238,  -3708, 445, -504
885, 720,  -15629, -3464, 26219,  -3311, 471, -460
886, 854,  -16184, -1775, 26171,  -2948, 470, -426
887, 988,  -16393, -374, 26248,  -2684, 464, -382
888, 1122,  -16498, 458, 26379,  -2561, 460, -292
889, 1255,  -16513, 689, 26466,  -2572, 455, -154
890, 1389,  -16732, 847, 26752,  -2695, 427, -19
891, 1523,  -17250, 608, 27426,  -2921, 352, 100
892, 1657,  -17330, -27, 28061,  -3224, 225, 202
893, 1791,  -16818, -1409, 28650,  -3560, 68, 265
894, 1924,  -15273, -5083, 29903,  -4069, -228, 236
895, 2058,  -14443, -6523, 30402,  -4150, -339, 148
896, 2192,  -13320, -7532, 30948,  -4089, -402, 27
897, 2326,  -12366, -8358, 31548,  -3902, -410, -112
898, 2460,  -11897, -8499, 32506,  -3605, -375, -278
899, 2594,  -11843, -9042, 32767,  -3255, -346, -427
900, 2727,  -12530, -8847, 32767,  -2833, -340, -499
901, 2861,  -13388, -8451, 32760,  -2354, -383, -540
902, 2995,  -13912, -7789, 32767,  -1839, -491, -533
903, 3129,  -14145, -6918, 32224,  -1338, -656, -497
904, 3262,  -14382, -5895, 30673,  -895, -831, -458
905, 3396,  -14482, -4972, 28996,  -545, -991, -446
906, 3530,  -13864, -4351, 27465,  -296, -1137, -481
907, 3664,  -12948, -3859, 25638,  -105, -1261, -484
908, 3797,  -12416, -3188, 24446,  45, -1319, -529
909, 3931,  -11377, -3205, 23369,  133, -1279, -636
910, 4065,  -10554, -2533, 22882,  207, -1203, -690
911, 4199,  -10520, -1196, 23236,  243, -1147, -697
912, 4332,  -10982, 150, 24251,  235, -1111, -670
913, 4466,  -11365, 620, 25111,  225, -1058, -597
914, 4600,  -11156, 470, 25127,  291, -944, -484
915, 4734,  -10366, 312, 24882,  484, -728, -336
916, 4867,  -7844, 1115, 24553,  1048, -54, -9
917, 5001,  -6798, 1813, 23676,  1240, 301, 78
918, 5135,  -6142, 2304, 22675,  1356, 629, 80
919, 5269,  -5789, 2324, 21616,  1458, 910, 10
920, 5403,  -5722, 1943, 20583,  1579, 1163, -147
921, 5536,  -5738, 1283, 19529,  1765, 1395, -367
922, 5670,  -5997, 718, 18424,  2021, 1612, -623
923, 5804,  -6390, 471, 17098,  2329, 1810, -859
924, 5938,  -7172, 844, 15575,  2676, 1983, -1032
925, 6071,  -7979, 1075, 13868,  3027, 2115, -1154
926, 6205,  -8778, 1446, 12369,  3368, 2191, -1226
927, 6339,  -9370, 1648, 11051,  3669, 2221, -1266
928, 6473,  -9820, 2168, 10052,  3908, 2220, -1274
929, 6606,  -9828, 2796, 8957,  4055, 2172, -1237
930, 6740,  -9803, 1890, 7764,  4118, 2156, -1151
931, 6874,  -11955, 2880, 8283,  4107, 2124, -945
932, 7008,  -12210, 4473, 7271,  4026, 1833, -683
933, 7141,  -12918, 6717, 6869,  3878, 1535, -551
934, 7275,  -13686, 8437, 6104,  3539, 1175, -529
935, 7409,  -14043, 9914, 6045,  3027, 620, -514
936, 7543,  -14571, 11019, 6695,  2301, -99, -456
937, 7676,  -14494, 10417, 6110,  1402, -883, -384
938, 7810,  -11760, 6917, 4671,  -371, -2263, -209
939, 7944,  -10912, 6309, 2839,  -973, -2684, -160
940, 8078,  -9644, 6240, 1828,  -1417, -2992, -127
941, 8211,  -8392, 6804, 1817,  -1763, -3248, -109
942, 8345,  -6104, 7142, 2432,  -2045, -3411, -129
943, 8479,  -1076, 6327, 6011,  -2238, -3325, -192
944, 8613,  3806, 4511, 11346,  -2190, -2330, -179
945, 8747,  152, 4398, 8549,  -1801, -566, -222
946, 8880,  -7159, 4472, 3216,  -1450, 363, -450
947, 9014,  -12320, 3871, 3527,  -1278, 244, -525
948, 9148,  -14495, 3536, 6766,  -1093, -191, -404
949, 9282,  -15140, 3802, 11582,  -885, -524, -300
950, 9415,  -17870, 5115, 19802,  -816, -749, -384
951, 9549,  -22501, 2073, 28348,  -1125, -957, -690
952, 9683,  -13332, 815, 25092,  -1533, -1151, -1240
953, 9817,  -13201, 1836, 23194,  -1606, -1194, -1401
954, 9950,  -12965, 1240, 25218,  -1678, -1566, -1519
955, 10084,  -11188, -1064, 25587,  -1769, -2017, -1734
956, 10218,  -10626, -3120, 25722,  -1627, -2244, -1937
957, 10352,  -7962, -3137, 24020,  -1294, -2405, -2086
958, 10485,  -5988, -3069, 22334,  -828, -2567, -2122
959, 10619,  -4546, -3017, 21485,  -316, -2745, -2047
960, 10753,  -2060, -2417, 20793,  369, -3012, -1623
961, 10887,  -1431, -2050, 19603,  532, -3006, -1345
962, 11020,  -583, -1260, 18140,  611, -2913, -1016
963, 11154,  379, -692, 16010,  615, -2750, -669
964, 11288,  1221, -94, 14177,  619, -2547, -341
965, 11422,  1163, 552, 12984,  643, -2317, -40
966, 11555,  371, 871, 12266,  664, -2098, 238
967, 11689,  -549, 284, 11726,  671, -1903, 472
968, 11823,  -1397, -330, 10852,  678, -1712, 646
969, 11957,  -1504, -751, 9971,  713, -1527, 773
970, 12091,  -2729, 111, 10020,  825, -1331, 851
971, 12225,  -2492, 989, 10832,  907, -1248, 895
972, 12358,  -2245, 1240, 11077,  880, -1169, 976
973, 12492,  -1761, 1406, 11732,  804, -1068, 1073
974, 12626,  -1485, 1396, 12426,  669, -927, 1197
975, 12760,  -1513, 1339, 13206,  493, -754, 1352
976, 12894,  -2124, 1027, 14005,  277, -529, 1490
977, 13027,  -3158, 511, 14547,  30, -273, 1564
978, 13161,  -4072, -169, 14638,  -229, -20, 1571
979, 13295,  -4694, -835, 14542,  -474, 193, 1524
980, 13429,  -4994, -1519, 14611,  -679, 335, 1440
981, 13563,  -4897, -2149, 14935,  -836, 395, 1336
982, 13697,  -3887, -2346, 16682,  -939, 355, 1116
983, 13830,  -3701, -1970, 18086,  -861, 334, 1023
984, 13964,  -3800, -1672, 19333,  -718, 288, 931
985, 14098,  -4056, -1414, 20217,  -536, 210, 844
986, 14232,  -4187, -1254, 20758,  -346, 97, 766
987, 14366,  -4108, -1359, 20686,  -176, -16, 695
988, 14500,  -3833, -1628, 20304,  -9, -110, 629
989, 14633,  -3497, -1903, 19700,  138, -189, 564
990, 14767,  -3018, -2081, 18786,  268, -242, 506
991, 14901,  -2655, -1949, 17931,  392, -267, 469
992, 15035,  -2211, -1530, 17227,  511, -287, 454
993, 15169,  -1696, -998, 16520,  623, -305, 437
994, 15303,  -1404, -376, 15967,  730, -261, 411
995, 15436,  -1342, 316, 15283,  811, -156, 355
996, 15570,  -1470, 840, 14524,  862, -1, 276
997, 15704,  -1690, 1390, 13867,  881, 133, 206
998, 15838,  -1934, 1905, 13533,  886, 225, 150
999, 15972,  -2323, 2375, 13530,  879, 287, 104
